State,District,Market,Commodity,Variety,Grade,Arrival_Date,Min_Price,Max_Price,Modal_Price,Commodity_Code
West Bengal,Kolkata,Mechua,Banana,Other,Medium,2022-06-07,1800,2900,2400,19
West Bengal,Kolkata,Mechua,Banana,Other,Small,2022-06-07,1100,2000,1700,19
West Bengal,Kolkata,Mechua,Banana,Other,Large,2022-06-07,2300,3400,2800,19
West Bengal,Kolkata,Mechua,Banana,Other,Large,2022-06-08,2300,3400,2800,19
West Bengal,Kolkata,Mechua,Banana,Other,Medium,2022-06-08,1800,2800,2300,19
West Bengal,Kolkata,Mechua,Banana,Other,Small,2022-06-08,1000,1900,1600,19
West Bengal,Kolkata,Mechua,Banana,Other,Large,2022-06-09,2300,3400,2800,19
West Bengal,Kolkata,Mechua,Banana,Other,Medium,2022-06-09,1800,2800,2300,19
West Bengal,Kolkata,Mechua,Banana,Other,Small,2022-06-09,1100,2000,1700,19
West Bengal,Kolkata,Mechua,Banana,Other,Large,2022-06-10,2300,3400,2800,19
West Bengal,Kolkata,Mechua,Banana,Other,Medium,2022-06-10,1800,2900,2400,19
West Bengal,Kolkata,Mechua,Banana,Other,Small,2022-06-10,1100,2000,1700,19
West Bengal,Kolkata,Mechua,Banana,Other,Large,2022-06-11,2300,3400,2800,19
West Bengal,Kolkata,Mechua,Banana,Other,Small,2022-06-11,1100,2000,1700,19
West Bengal,Kolkata,Mechua,Banana,Other,Medium,2022-06-11,1800,2900,2400,19
West Bengal,Kolkata,Mechua,Banana,Other,Small,2022-06-14,1000,2000,1500,19
West Bengal,Kolkata,Mechua,Banana,Other,Large,2022-06-14,2300,3300,2800,19
West Bengal,Kolkata,Mechua,Banana,Other,Medium,2022-06-14,1800,2800,2300,19
West Bengal,Kolkata,Mechua,Banana,Other,Small,2022-06-16,1100,2000,1700,19
West Bengal,Kolkata,Mechua,Banana,Other,Medium,2022-06-16,1800,2900,2400,19
West Bengal,Kolkata,Mechua,Banana,Other,Large,2022-06-16,2300,3400,2800,19
West Bengal,Kolkata,Mechua,Banana,Other,Large,2022-06-23,2300,3300,2700,19
West Bengal,Kolkata,Mechua,Banana,Other,Medium,2022-06-23,1800,2800,2300,19
West Bengal,Kolkata,Mechua,Banana,Other,Small,2022-06-23,1000,2000,1600,19
West Bengal,Kolkata,Mechua,Banana,Other,Small,2022-07-15,1200,1800,1600,19
West Bengal,Kolkata,Mechua,Banana,Other,Medium,2022-07-15,2000,2300,2200,19
West Bengal,Kolkata,Mechua,Banana,Other,Large,2022-07-15,2500,3000,2800,19
West Bengal,Kolkata,Mechua,Banana,Other,Medium,2022-07-16,2000,2300,2200,19
West Bengal,Kolkata,Mechua,Banana,Other,Large,2022-07-16,2500,3000,2800,19
West Bengal,Kolkata,Mechua,Banana,Other,Small,2022-07-16,1400,2000,1600,19
West Bengal,Kolkata,Mechua,Banana,Other,Medium,2022-07-17,2000,2400,2200,19
West Bengal,Kolkata,Mechua,Banana,Other,Large,2022-07-17,2500,3000,2700,19
West Bengal,Kolkata,Mechua,Banana,Other,Small,2022-07-17,1200,1800,1500,19
West Bengal,Kolkata,Mechua,Banana,Other,Medium,2022-07-18,2000,2300,2200,19
West Bengal,Kolkata,Mechua,Banana,Other,Large,2022-07-18,2500,3000,2800,19
West Bengal,Kolkata,Mechua,Banana,Other,Small,2022-07-18,1200,1800,1600,19
West Bengal,Kolkata,Mechua,Banana,Other,Large,2022-07-19,2400,3000,2800,19
West Bengal,Kolkata,Mechua,Banana,Other,Small,2022-07-19,1200,1800,1600,19
West Bengal,Kolkata,Mechua,Banana,Other,Medium,2022-07-19,2000,2400,2200,19
West Bengal,Kolkata,Mechua,Banana,Other,Small,2022-07-20,1200,2000,1600,19
West Bengal,Kolkata,Mechua,Banana,Other,Large,2022-07-20,2600,3000,2800,19
West Bengal,Kolkata,Mechua,Banana,Other,Medium,2022-07-20,2000,2400,2200,19
West Bengal,Kolkata,Mechua,Banana,Other,Large,2022-07-21,2400,3000,2800,19
West Bengal,Kolkata,Mechua,Banana,Other,Medium,2022-07-21,2000,2300,2200,19
West Bengal,Kolkata,Mechua,Banana,Other,Small,2022-07-21,1400,1800,1600,19
West Bengal,Kolkata,Mechua,Banana,Other,Large,2022-07-22,2500,3000,2800,19
West Bengal,Kolkata,Mechua,Banana,Other,Small,2022-07-22,1400,2000,1600,19
West Bengal,Kolkata,Mechua,Banana,Other,Medium,2022-07-22,2000,2400,2200,19
West Bengal,Kolkata,Mechua,Banana,Other,Small,2022-07-23,1500,2000,1700,19
West Bengal,Kolkata,Mechua,Banana,Other,Medium,2022-07-23,2000,2400,2200,19
West Bengal,Kolkata,Mechua,Banana,Other,Large,2022-07-23,2400,3000,2800,19
West Bengal,Kolkata,Mechua,Banana,Other,Medium,2022-07-24,2000,2400,2200,19
West Bengal,Kolkata,Mechua,Banana,Other,Small,2022-07-24,1400,2000,1600,19
West Bengal,Kolkata,Mechua,Banana,Other,Large,2022-07-24,2500,3000,2700,19
West Bengal,Kolkata,Mechua,Banana,Other,Small,2022-07-25,1400,2000,1600,19
West Bengal,Kolkata,Mechua,Banana,Other,Large,2022-07-25,2500,3000,2800,19
West Bengal,Kolkata,Mechua,Banana,Other,Medium,2022-07-25,2000,2400,2200,19
West Bengal,Kolkata,Mechua,Banana,Other,Large,2022-07-26,2400,3000,2800,19
West Bengal,Kolkata,Mechua,Banana,Other,Medium,2022-07-26,2000,2400,2200,19
West Bengal,Kolkata,Mechua,Banana,Other,Small,2022-07-26,1400,2000,1600,19
West Bengal,Kolkata,Mechua,Banana,Other,Large,2022-07-27,2500,3000,2800,19
West Bengal,Kolkata,Mechua,Banana,Other,Medium,2022-07-27,2000,2400,2200,19
West Bengal,Kolkata,Mechua,Banana,Other,Small,2022-07-27,1500,2000,1800,19
West Bengal,Kolkata,Mechua,Banana,Other,Large,2022-07-28,2500,3000,2800,19
West Bengal,Kolkata,Mechua,Banana,Other,Small,2022-07-28,1500,2000,1800,19
West Bengal,Kolkata,Mechua,Banana,Other,Medium,2022-07-28,2000,2400,2200,19
West Bengal,Kolkata,Mechua,Banana,Other,Medium,2022-07-29,2000,2400,2200,19
West Bengal,Kolkata,Mechua,Banana,Other,Small,2022-07-29,1400,1800,1600,19
West Bengal,Kolkata,Mechua,Banana,Other,Large,2022-07-29,2400,3000,2800,19
West Bengal,Kolkata,Mechua,Banana,Other,Medium,2022-07-30,2000,2300,2200,19
West Bengal,Kolkata,Mechua,Banana,Other,Large,2022-07-30,2400,3000,2800,19
West Bengal,Kolkata,Mechua,Banana,Other,Small,2022-07-30,1400,1800,1600,19
West Bengal,Kolkata,Mechua,Banana,Other,Small,2022-07-31,1400,1800,1600,19
West Bengal,Kolkata,Mechua,Banana,Other,Large,2022-07-31,2400,3000,2800,19
West Bengal,Kolkata,Mechua,Banana,Other,Medium,2022-07-31,2000,2400,2200,19
West Bengal,Kolkata,Mechua,Banana,Other,Large,2022-08-01,2500,3000,2800,19
West Bengal,Kolkata,Mechua,Banana,Other,Medium,2022-08-01,2000,2400,2200,19
West Bengal,Kolkata,Mechua,Banana,Other,Small,2022-08-01,1400,2000,1600,19
West Bengal,Kolkata,Mechua,Banana,Other,Small,2022-08-02,1400,2000,1600,19
West Bengal,Kolkata,Mechua,Banana,Other,Large,2022-08-02,2400,3000,2800,19
West Bengal,Kolkata,Mechua,Banana,Other,Medium,2022-08-02,2000,2400,2200,19
West Bengal,Kolkata,Mechua,Banana,Other,Small,2022-08-03,1400,2000,1600,19
West Bengal,Kolkata,Mechua,Banana,Other,Medium,2022-08-03,2000,2400,2200,19
West Bengal,Kolkata,Mechua,Banana,Other,Large,2022-08-03,2500,3000,2800,19
West Bengal,Kolkata,Mechua,Banana,Other,Small,2022-08-04,1400,1800,1600,19
West Bengal,Kolkata,Mechua,Banana,Other,Medium,2022-08-04,2000,2300,2200,19
West Bengal,Kolkata,Mechua,Banana,Other,Large,2022-08-04,2400,3000,2600,19
West Bengal,Kolkata,Mechua,Banana,Other,Medium,2022-08-05,2000,2400,2200,19
West Bengal,Kolkata,Mechua,Banana,Other,Small,2022-08-05,1400,2000,1600,19
West Bengal,Kolkata,Mechua,Banana,Other,Large,2022-08-05,2500,3000,2600,19
West Bengal,Kolkata,Mechua,Banana,Other,Medium,2022-08-06,2000,2200,2200,19
West Bengal,Kolkata,Mechua,Banana,Other,Large,2022-08-06,2400,2800,2600,19
West Bengal,Kolkata,Mechua,Banana,Other,Small,2022-08-06,1400,1800,1600,19
West Bengal,Kolkata,Mechua,Banana,Other,Large,2022-08-07,2500,3000,2600,19
West Bengal,Kolkata,Mechua,Banana,Other,Small,2022-08-07,1400,2000,1600,19
West Bengal,Kolkata,Mechua,Banana,Other,Medium,2022-08-07,2000,2400,2200,19
West Bengal,Kolkata,Mechua,Banana,Other,Medium,2022-08-08,2000,2600,2400,19
West Bengal,Kolkata,Mechua,Banana,Other,Large,2022-08-08,2400,3000,2800,19
West Bengal,Kolkata,Mechua,Banana,Other,Small,2022-08-08,1500,1800,1600,19
West Bengal,Kolkata,Mechua,Banana,Other,Large,2022-08-09,2400,2800,2600,19
West Bengal,Kolkata,Mechua,Banana,Other,Small,2022-08-09,1400,1600,1500,19
West Bengal,Kolkata,Mechua,Banana,Other,Medium,2022-08-09,2000,2400,2200,19
West Bengal,Kolkata,Mechua,Banana,Other,Medium,2022-08-10,2000,2400,2200,19
West Bengal,Kolkata,Mechua,Banana,Other,Large,2022-08-10,2600,3000,2800,19
West Bengal,Kolkata,Mechua,Banana,Other,Small,2022-08-10,1400,1800,1600,19
West Bengal,Kolkata,Mechua,Banana,Other,Small,2022-08-11,1400,1800,1600,19
West Bengal,Kolkata,Mechua,Banana,Other,Large,2022-08-11,2500,3000,2800,19
West Bengal,Kolkata,Mechua,Banana,Other,Medium,2022-08-11,2000,2400,2200,19
West Bengal,Kolkata,Mechua,Banana,Other,Medium,2022-08-12,2000,2400,2200,19
West Bengal,Kolkata,Mechua,Banana,Other,Small,2022-08-12,1400,1800,1600,19
West Bengal,Kolkata,Mechua,Banana,Other,Large,2022-08-12,2600,3000,2800,19
West Bengal,Kolkata,Mechua,Banana,Other,Medium,2022-08-13,2000,2400,2200,19
West Bengal,Kolkata,Mechua,Banana,Other,Large,2022-08-13,2600,3000,2800,19
West Bengal,Kolkata,Mechua,Banana,Other,Small,2022-08-13,1400,1800,1600,19
West Bengal,Kolkata,Mechua,Banana,Other,Large,2022-08-14,2600,3000,2800,19
West Bengal,Kolkata,Mechua,Banana,Other,Medium,2022-08-14,2000,2500,2300,19
West Bengal,Kolkata,Mechua,Banana,Other,Small,2022-08-14,1400,1800,1600,19
West Bengal,Kolkata,Mechua,Banana,Other,Medium,2022-08-15,2000,2400,2200,19
West Bengal,Kolkata,Mechua,Banana,Other,Small,2022-08-15,1400,1800,1600,19
West Bengal,Kolkata,Mechua,Banana,Other,Large,2022-08-15,2600,3000,2800,19
West Bengal,Kolkata,Mechua,Banana,Other,Medium,2022-08-16,2000,2400,2200,19
West Bengal,Kolkata,Mechua,Banana,Other,Large,2022-08-16,2600,3000,2800,19
West Bengal,Kolkata,Mechua,Banana,Other,Small,2022-08-16,1400,1800,1600,19
West Bengal,Kolkata,Mechua,Banana,Other,Medium,2022-08-17,2000,2400,2200,19
West Bengal,Kolkata,Mechua,Banana,Other,Large,2022-08-17,2500,3000,2800,19
West Bengal,Kolkata,Mechua,Banana,Other,Small,2022-08-17,1400,1800,1600,19
West Bengal,Kolkata,Mechua,Banana,Other,Large,2022-08-18,2500,3000,2800,19
West Bengal,Kolkata,Mechua,Banana,Other,Medium,2022-08-18,2000,2400,2200,19
West Bengal,Kolkata,Mechua,Banana,Other,Small,2022-08-18,1400,1800,1600,19
West Bengal,Kolkata,Mechua,Banana,Other,Small,2022-08-19,1400,1800,1600,19
West Bengal,Kolkata,Mechua,Banana,Other,Medium,2022-08-19,2000,2400,2200,19
West Bengal,Kolkata,Mechua,Banana,Other,Large,2022-08-19,2600,3000,2800,19
West Bengal,Kolkata,Mechua,Banana,Other,Small,2022-08-20,1400,1800,1600,19
West Bengal,Kolkata,Mechua,Banana,Other,Large,2022-08-20,2600,3000,2800,19
West Bengal,Kolkata,Mechua,Banana,Other,Medium,2022-08-20,2000,2400,2200,19
West Bengal,Kolkata,Mechua,Banana,Other,Small,2022-08-21,1400,1800,1600,19
West Bengal,Kolkata,Mechua,Banana,Other,Medium,2022-08-21,2000,2500,2200,19
West Bengal,Kolkata,Mechua,Banana,Other,Large,2022-08-21,2600,3000,2800,19
West Bengal,Kolkata,Mechua,Banana,Other,Small,2022-08-22,1400,1800,1600,19
West Bengal,Kolkata,Mechua,Banana,Other,Medium,2022-08-22,2000,2400,2200,19
West Bengal,Kolkata,Mechua,Banana,Other,Large,2022-08-22,2500,3000,2800,19
West Bengal,Kolkata,Mechua,Banana,Other,Large,2022-08-23,2500,3000,2800,19
West Bengal,Kolkata,Mechua,Banana,Other,Medium,2022-08-23,2000,2400,2200,19
West Bengal,Kolkata,Mechua,Banana,Other,Small,2022-08-23,1400,1800,1600,19
West Bengal,Kolkata,Mechua,Banana,Other,Medium,2022-08-24,2000,2200,2200,19
West Bengal,Kolkata,Mechua,Banana,Other,Large,2022-08-24,2400,3000,2800,19
West Bengal,Kolkata,Mechua,Banana,Other,Small,2022-08-24,1400,1800,1600,19
West Bengal,Kolkata,Mechua,Banana,Other,Large,2022-08-25,2500,3000,2800,19
West Bengal,Kolkata,Mechua,Banana,Other,Small,2022-08-25,1400,1800,1600,19
West Bengal,Kolkata,Mechua,Banana,Other,Medium,2022-08-25,2000,2400,2200,19
West Bengal,Kolkata,Mechua,Banana,Other,Medium,2022-08-26,2000,2500,2200,19
West Bengal,Kolkata,Mechua,Banana,Other,Large,2022-08-26,2500,3000,2800,19
West Bengal,Kolkata,Mechua,Banana,Other,Small,2022-08-26,1400,1800,1600,19
West Bengal,Kolkata,Mechua,Banana,Other,Small,2022-08-27,1400,1800,1600,19
West Bengal,Kolkata,Mechua,Banana,Other,Medium,2022-08-27,2000,2500,2200,19
West Bengal,Kolkata,Mechua,Banana,Other,Large,2022-08-27,2500,3000,2800,19
West Bengal,Kolkata,Mechua,Banana,Other,Medium,2022-08-28,2000,2500,2200,19
West Bengal,Kolkata,Mechua,Banana,Other,Small,2022-08-28,1400,1800,1600,19
West Bengal,Kolkata,Mechua,Banana,Other,Large,2022-08-28,2500,3000,2800,19
West Bengal,Kolkata,Mechua,Banana,Other,Medium,2022-08-29,2000,2200,2200,19
West Bengal,Kolkata,Mechua,Banana,Other,Large,2022-08-29,2400,3000,2800,19
West Bengal,Kolkata,Mechua,Banana,Other,Small,2022-08-29,1400,1900,1600,19
West Bengal,Kolkata,Mechua,Banana,Other,Small,2022-08-30,1400,1800,1600,19
West Bengal,Kolkata,Mechua,Banana,Other,Large,2022-08-30,2600,3000,2800,19
West Bengal,Kolkata,Mechua,Banana,Other,Medium,2022-08-30,2000,2400,2200,19
West Bengal,Kolkata,Mechua,Banana,Other,Medium,2022-08-31,2000,2400,2200,19
West Bengal,Kolkata,Mechua,Banana,Other,Small,2022-08-31,1400,1800,1600,19
West Bengal,Kolkata,Mechua,Banana,Other,Large,2022-08-31,2600,3000,2800,19
West Bengal,Kolkata,Mechua,Banana,Other,Medium,2022-09-01,2000,2400,2200,19
West Bengal,Kolkata,Mechua,Banana,Other,Small,2022-09-01,1400,1800,1600,19
West Bengal,Kolkata,Mechua,Banana,Other,Large,2022-09-01,2600,3000,2800,19
West Bengal,Kolkata,Mechua,Banana,Other,Large,2022-09-02,2600,3000,2800,19
West Bengal,Kolkata,Mechua,Banana,Other,Small,2022-09-02,1400,1800,1600,19
West Bengal,Kolkata,Mechua,Banana,Other,Medium,2022-09-02,2000,2400,2200,19
West Bengal,Kolkata,Mechua,Banana,Other,Small,2022-09-03,1400,1800,1600,19
West Bengal,Kolkata,Mechua,Banana,Other,Medium,2022-09-03,2000,2400,2200,19
West Bengal,Kolkata,Mechua,Banana,Other,Large,2022-09-03,2600,3000,2800,19
West Bengal,Kolkata,Mechua,Banana,Other,Small,2022-09-04,1400,1800,1600,19
West Bengal,Kolkata,Mechua,Banana,Other,Medium,2022-09-04,2000,2400,2200,19
West Bengal,Kolkata,Mechua,Banana,Other,Large,2022-09-04,2600,3000,2800,19
West Bengal,Kolkata,Mechua,Banana,Other,Large,2022-09-05,2400,3000,2800,19
West Bengal,Kolkata,Mechua,Banana,Other,Medium,2022-09-05,2000,2200,2200,19
West Bengal,Kolkata,Mechua,Banana,Other,Small,2022-09-05,1400,1800,1600,19
West Bengal,Kolkata,Mechua,Banana,Other,Large,2022-09-06,2400,3000,2800,19
West Bengal,Kolkata,Mechua,Banana,Other,Small,2022-09-06,1400,1800,1600,19
West Bengal,Kolkata,Mechua,Banana,Other,Medium,2022-09-06,2000,2200,2200,19
West Bengal,Kolkata,Mechua,Banana,Other,Medium,2022-09-07,2000,2200,2200,19
West Bengal,Kolkata,Mechua,Banana,Other,Small,2022-09-07,1400,1800,1600,19
West Bengal,Kolkata,Mechua,Banana,Other,Large,2022-09-07,2400,3000,2800,19
West Bengal,Kolkata,Mechua,Banana,Other,Small,2022-09-08,1400,1800,1600,19
West Bengal,Kolkata,Mechua,Banana,Other,Medium,2022-09-08,2000,2200,2200,19
West Bengal,Kolkata,Mechua,Banana,Other,Large,2022-09-08,2400,3000,2800,19
West Bengal,Kolkata,Mechua,Banana,Other,Small,2022-09-09,1400,1800,1600,19
West Bengal,Kolkata,Mechua,Banana,Other,Large,2022-09-09,2400,3000,2800,19
West Bengal,Kolkata,Mechua,Banana,Other,Medium,2022-09-09,2000,2200,2200,19
West Bengal,Kolkata,Mechua,Banana,Other,Large,2022-09-10,2400,3000,2800,19
West Bengal,Kolkata,Mechua,Banana,Other,Small,2022-09-10,1400,1800,1600,19
West Bengal,Kolkata,Mechua,Banana,Other,Medium,2022-09-10,2000,2300,2200,19
West Bengal,Kolkata,Mechua,Banana,Other,Small,2022-09-11,1400,1800,1600,19
West Bengal,Kolkata,Mechua,Banana,Other,Medium,2022-09-11,2000,2200,2200,19
West Bengal,Kolkata,Mechua,Banana,Other,Large,2022-09-11,2400,3000,2800,19
West Bengal,Kolkata,Mechua,Banana,Other,Small,2022-09-12,1400,1800,1600,19
West Bengal,Kolkata,Mechua,Banana,Other,Medium,2022-09-12,2000,2200,2000,19
West Bengal,Kolkata,Mechua,Banana,Other,Large,2022-09-12,2400,3000,2800,19
West Bengal,Kolkata,Mechua,Banana,Other,Small,2022-09-13,1400,1800,1600,19
West Bengal,Kolkata,Mechua,Banana,Other,Large,2022-09-13,2400,3000,2800,19
West Bengal,Kolkata,Mechua,Banana,Other,Medium,2022-09-13,2000,2200,2000,19
West Bengal,Kolkata,Mechua,Banana,Other,Medium,2022-09-14,2000,2200,2200,19
West Bengal,Kolkata,Mechua,Banana,Other,Small,2022-09-14,1400,1800,1600,19
West Bengal,Kolkata,Mechua,Banana,Other,Large,2022-09-14,2400,3000,2800,19
West Bengal,Kolkata,Mechua,Banana,Other,Large,2022-09-15,3000,3700,3500,19
West Bengal,Kolkata,Mechua,Banana,Other,Small,2022-09-15,1800,2000,2000,19
West Bengal,Kolkata,Mechua,Banana,Other,Medium,2022-09-15,2400,2800,2600,19
West Bengal,Kolkata,Mechua,Banana,Other,Small,2022-09-16,1800,2000,2000,19
West Bengal,Kolkata,Mechua,Banana,Other,Medium,2022-09-16,2400,2800,2600,19
West Bengal,Kolkata,Mechua,Banana,Other,Large,2022-09-16,3000,3800,3500,19
West Bengal,Kolkata,Mechua,Banana,Other,Large,2022-09-17,3000,3600,3400,19
West Bengal,Kolkata,Mechua,Banana,Other,Medium,2022-09-17,2400,2800,2600,19
West Bengal,Kolkata,Mechua,Banana,Other,Small,2022-09-17,1800,2000,2000,19
West Bengal,Kolkata,Mechua,Banana,Other,Large,2022-09-18,3000,3800,3600,19
West Bengal,Kolkata,Mechua,Banana,Other,Small,2022-09-18,1800,2000,2000,19
West Bengal,Kolkata,Mechua,Banana,Other,Medium,2022-09-18,2400,2800,2600,19
West Bengal,Kolkata,Mechua,Banana,Other,Medium,2022-09-19,2800,3000,3000,19
West Bengal,Kolkata,Mechua,Banana,Other,Small,2022-09-19,2000,2400,2400,19
West Bengal,Kolkata,Mechua,Banana,Other,Large,2022-09-19,3600,4000,4000,19
West Bengal,Kolkata,Mechua,Banana,Other,Large,2022-09-20,3600,4000,4000,19
West Bengal,Kolkata,Mechua,Banana,Other,Medium,2022-09-20,2800,3000,3000,19
West Bengal,Kolkata,Mechua,Banana,Other,Small,2022-09-20,2000,2400,2400,19
West Bengal,Kolkata,Mechua,Banana,Other,Small,2022-09-21,2000,2400,2400,19
West Bengal,Kolkata,Mechua,Banana,Other,Medium,2022-09-21,2800,3000,3000,19
West Bengal,Kolkata,Mechua,Banana,Other,Large,2022-09-21,3600,4000,4000,19
West Bengal,Kolkata,Mechua,Banana,Other,Small,2022-09-22,2000,2400,2400,19
West Bengal,Kolkata,Mechua,Banana,Other,Medium,2022-09-22,2800,3000,3000,19
West Bengal,Kolkata,Mechua,Banana,Other,Large,2022-09-22,3600,4000,4000,19
West Bengal,Kolkata,Mechua,Banana,Other,Medium,2022-09-23,2800,3000,3000,19
West Bengal,Kolkata,Mechua,Banana,Other,Small,2022-09-23,2000,2400,2400,19
West Bengal,Kolkata,Mechua,Banana,Other,Large,2022-09-23,3600,4000,4000,19
West Bengal,Kolkata,Mechua,Banana,Other,Medium,2022-09-24,2800,3000,3000,19
West Bengal,Kolkata,Mechua,Banana,Other,Large,2022-09-24,3600,4000,4000,19
West Bengal,Kolkata,Mechua,Banana,Other,Small,2022-09-24,2000,2400,2400,19
West Bengal,Kolkata,Mechua,Banana,Other,Medium,2022-09-25,2800,3000,3000,19
West Bengal,Kolkata,Mechua,Banana,Other,Large,2022-09-25,3600,4000,4000,19
West Bengal,Kolkata,Mechua,Banana,Other,Small,2022-09-25,2000,2400,2400,19
West Bengal,Kolkata,Mechua,Banana,Other,Small,2022-09-26,2000,2500,2400,19
West Bengal,Kolkata,Mechua,Banana,Other,Medium,2022-09-26,2800,3000,3000,19
West Bengal,Kolkata,Mechua,Banana,Other,Large,2022-09-26,3600,4000,4000,19
West Bengal,Kolkata,Mechua,Banana,Other,Medium,2022-09-27,2800,3000,3000,19
West Bengal,Kolkata,Mechua,Banana,Other,Large,2022-09-27,3500,4000,4000,19
West Bengal,Kolkata,Mechua,Banana,Other,Small,2022-09-27,2000,2600,2500,19
West Bengal,Kolkata,Mechua,Banana,Other,Small,2022-09-28,2000,2600,2600,19
West Bengal,Kolkata,Mechua,Banana,Other,Medium,2022-09-28,2800,3000,3000,19
West Bengal,Kolkata,Mechua,Banana,Other,Large,2022-09-28,3500,4000,4000,19
West Bengal,Kolkata,Mechua,Banana,Other,Medium,2022-09-29,2800,3000,3000,19
West Bengal,Kolkata,Mechua,Banana,Other,Small,2022-09-29,2000,2600,2600,19
West Bengal,Kolkata,Mechua,Banana,Other,Large,2022-09-29,3500,4000,4000,19
West Bengal,Kolkata,Mechua,Banana,Other,Small,2022-09-30,2000,2600,2600,19
West Bengal,Kolkata,Mechua,Banana,Other,Large,2022-09-30,3500,4000,4000,19
West Bengal,Kolkata,Mechua,Banana,Other,Medium,2022-09-30,2800,3000,3000,19
West Bengal,Kolkata,Mechua,Banana,Other,Medium,2022-10-01,2800,3000,3000,19
West Bengal,Kolkata,Mechua,Banana,Other,Small,2022-10-01,2000,2600,2600,19
West Bengal,Kolkata,Mechua,Banana,Other,Large,2022-10-01,3500,4000,4000,19
West Bengal,Kolkata,Mechua,Banana,Other,Small,2022-10-02,2000,2600,2600,19
West Bengal,Kolkata,Mechua,Banana,Other,Large,2022-10-02,3500,4000,4000,19
West Bengal,Kolkata,Mechua,Banana,Other,Medium,2022-10-02,2800,3000,3000,19
West Bengal,Kolkata,Mechua,Banana,Other,Large,2022-10-03,3400,4000,3600,19
West Bengal,Kolkata,Mechua,Banana,Other,Medium,2022-10-03,2600,3000,2800,19
West Bengal,Kolkata,Mechua,Banana,Other,Small,2022-10-03,2000,2400,2200,19
West Bengal,Kolkata,Mechua,Banana,Other,Small,2022-10-04,2000,2600,2400,19
West Bengal,Kolkata,Mechua,Banana,Other,Large,2022-10-04,3400,4000,3600,19
West Bengal,Kolkata,Mechua,Banana,Other,Medium,2022-10-04,2800,3000,3000,19
West Bengal,Kolkata,Mechua,Banana,Other,Small,2022-10-05,2000,2400,2400,19
West Bengal,Kolkata,Mechua,Banana,Other,Medium,2022-10-05,2600,2800,2600,19
West Bengal,Kolkata,Mechua,Banana,Other,Large,2022-10-05,3000,3600,3400,19
West Bengal,Kolkata,Mechua,Banana,Other,Large,2022-10-06,3400,4000,3600,19
West Bengal,Kolkata,Mechua,Banana,Other,Large,2022-10-07,3400,4000,3600,19
West Bengal,Kolkata,Mechua,Banana,Other,Small,2022-10-07,2000,2400,2400,19
West Bengal,Kolkata,Mechua,Banana,Other,Medium,2022-10-07,2600,2800,2800,19
West Bengal,Kolkata,Mechua,Banana,Other,Large,2022-10-08,3000,3800,3400,19
West Bengal,Kolkata,Mechua,Banana,Other,Medium,2022-10-08,2400,2800,2600,19
West Bengal,Kolkata,Mechua,Banana,Other,Small,2022-10-08,2000,2400,2400,19
West Bengal,Kolkata,Mechua,Banana,Other,Large,2022-10-09,3200,3600,3400,19
West Bengal,Kolkata,Mechua,Banana,Other,Medium,2022-10-09,2400,3000,2600,19
West Bengal,Kolkata,Mechua,Banana,Other,Small,2022-10-09,2000,2200,2000,19
West Bengal,Kolkata,Mechua,Banana,Other,Medium,2022-10-10,2000,2200,2000,19
West Bengal,Kolkata,Mechua,Banana,Other,Large,2022-10-10,2400,2800,2600,19
West Bengal,Kolkata,Mechua,Banana,Other,Small,2022-10-10,1500,1800,1600,19
West Bengal,Kolkata,Mechua,Banana,Other,Small,2022-10-11,1600,1800,1800,19
West Bengal,Kolkata,Mechua,Banana,Other,Medium,2022-10-11,2000,2400,2400,19
West Bengal,Kolkata,Mechua,Banana,Other,Large,2022-10-11,2800,3000,2800,19
West Bengal,Kolkata,Mechua,Banana,Other,Large,2022-10-12,2600,3000,2800,19
West Bengal,Kolkata,Mechua,Banana,Other,Small,2022-10-12,1600,1800,1600,19
West Bengal,Kolkata,Mechua,Banana,Other,Medium,2022-10-12,2000,2400,2400,19
West Bengal,Kolkata,Mechua,Banana,Other,Medium,2022-10-13,2000,2400,2400,19
West Bengal,Kolkata,Mechua,Banana,Other,Large,2022-10-13,2600,3000,2800,19
West Bengal,Kolkata,Mechua,Banana,Other,Small,2022-10-13,1600,1800,1600,19
West Bengal,Kolkata,Mechua,Banana,Other,Medium,2022-10-14,2000,2400,2400,19
West Bengal,Kolkata,Mechua,Banana,Other,Large,2022-10-14,2600,3000,2800,19
West Bengal,Kolkata,Mechua,Banana,Other,Small,2022-10-14,1600,1800,1600,19
West Bengal,Kolkata,Mechua,Banana,Other,Small,2022-10-15,1600,1800,1600,19
West Bengal,Kolkata,Mechua,Banana,Other,Medium,2022-10-15,2000,2400,2400,19
West Bengal,Kolkata,Mechua,Banana,Other,Large,2022-10-15,2600,3000,2800,19
West Bengal,Kolkata,Mechua,Banana,Other,Large,2022-10-16,2400,2800,2600,19
West Bengal,Kolkata,Mechua,Banana,Other,Small,2022-10-16,1400,1800,1600,19
West Bengal,Kolkata,Mechua,Banana,Other,Medium,2022-10-16,2000,2600,2300,19
West Bengal,Kolkata,Mechua,Banana,Other,Medium,2022-10-17,1800,2000,2000,19
West Bengal,Kolkata,Mechua,Banana,Other,Small,2022-10-17,1400,1600,1400,19
West Bengal,Kolkata,Mechua,Banana,Other,Large,2022-10-17,2200,2400,2400,19
West Bengal,Kolkata,Mechua,Banana,Other,Large,2022-10-18,2400,2600,2400,19
West Bengal,Kolkata,Mechua,Banana,Other,Medium,2022-10-18,2000,2200,2000,19
West Bengal,Kolkata,Mechua,Banana,Other,Small,2022-10-18,1600,1800,1600,19
West Bengal,Kolkata,Mechua,Banana,Other,Large,2022-10-19,2400,2600,2400,19
West Bengal,Kolkata,Mechua,Banana,Other,Small,2022-10-19,1400,1600,1600,19
West Bengal,Kolkata,Mechua,Banana,Other,Medium,2022-10-19,2000,2200,2000,19
West Bengal,Kolkata,Mechua,Banana,Other,Medium,2022-10-20,2000,2200,2000,19
West Bengal,Kolkata,Mechua,Banana,Other,Small,2022-10-20,1400,1600,1600,19
West Bengal,Kolkata,Mechua,Banana,Other,Large,2022-10-20,2400,2600,2400,19
West Bengal,Kolkata,Mechua,Banana,Other,Large,2022-10-21,2400,2600,2400,19
West Bengal,Kolkata,Mechua,Banana,Other,Small,2022-10-21,1400,1800,1600,19
West Bengal,Kolkata,Mechua,Banana,Other,Medium,2022-10-21,2000,2200,2000,19
West Bengal,Kolkata,Mechua,Banana,Other,Medium,2022-10-22,1800,2000,2000,19
West Bengal,Kolkata,Mechua,Banana,Other,Small,2022-10-22,1400,1600,1400,19
West Bengal,Kolkata,Mechua,Banana,Other,Large,2022-10-22,2200,2600,2400,19
West Bengal,Kolkata,Mechua,Banana,Other,Medium,2022-10-23,2000,2200,2000,19
West Bengal,Kolkata,Mechua,Banana,Other,Small,2022-10-23,1400,1600,1600,19
West Bengal,Kolkata,Mechua,Banana,Other,Large,2022-10-23,2400,2600,2400,19
West Bengal,Kolkata,Mechua,Banana,Other,Medium,2022-10-24,2000,2100,2000,19
West Bengal,Kolkata,Mechua,Banana,Other,Small,2022-10-24,1400,1800,1600,19
West Bengal,Kolkata,Mechua,Banana,Other,Large,2022-10-24,2400,2600,2500,19
West Bengal,Kolkata,Mechua,Banana,Other,Small,2022-10-25,1600,1800,1800,19
West Bengal,Kolkata,Mechua,Banana,Other,Medium,2022-10-25,2000,2200,2000,19
West Bengal,Kolkata,Mechua,Banana,Other,Large,2022-10-25,2400,2600,2400,19
West Bengal,Kolkata,Mechua,Banana,Other,Large,2022-10-26,2400,2600,2400,19
West Bengal,Kolkata,Mechua,Banana,Other,Small,2022-10-27,1400,1600,1600,19
West Bengal,Kolkata,Mechua,Banana,Other,Medium,2022-10-27,1800,2000,2000,19
West Bengal,Kolkata,Mechua,Banana,Other,Large,2022-10-27,2200,2600,2400,19
West Bengal,Kolkata,Mechua,Banana,Other,Medium,2022-10-28,1800,2000,2000,19
West Bengal,Kolkata,Mechua,Banana,Other,Large,2022-10-28,2200,2400,2400,19
West Bengal,Kolkata,Mechua,Banana,Other,Small,2022-10-28,1400,1600,1400,19
West Bengal,Kolkata,Mechua,Banana,Other,Small,2022-10-29,1400,1600,1400,19
West Bengal,Kolkata,Mechua,Banana,Other,Medium,2022-10-29,1800,2000,1800,19
West Bengal,Kolkata,Mechua,Banana,Other,Large,2022-10-29,2200,2400,2200,19
West Bengal,Kolkata,Mechua,Banana,Other,Small,2022-10-30,1400,1600,1400,19
West Bengal,Kolkata,Mechua,Banana,Other,Medium,2022-10-30,1800,2000,2000,19
West Bengal,Kolkata,Mechua,Banana,Other,Large,2022-10-30,2200,2600,2400,19
West Bengal,Kolkata,Mechua,Banana,Other,Large,2022-10-31,2200,2400,2200,19
West Bengal,Kolkata,Mechua,Banana,Other,Medium,2022-10-31,1800,2000,1800,19
West Bengal,Kolkata,Mechua,Banana,Other,Small,2022-10-31,1200,1400,1400,19
West Bengal,Kolkata,Mechua,Banana,Other,Large,2022-11-01,2200,2400,2200,19
West Bengal,Kolkata,Mechua,Banana,Other,Medium,2022-11-01,1800,2000,1800,19
West Bengal,Kolkata,Mechua,Banana,Other,Small,2022-11-01,1200,1400,1400,19
West Bengal,Kolkata,Mechua,Banana,Other,Medium,2022-11-02,1800,2000,1800,19
West Bengal,Kolkata,Mechua,Banana,Other,Large,2022-11-02,2200,2400,2200,19
West Bengal,Kolkata,Mechua,Banana,Other,Small,2022-11-02,1200,1400,1400,19
West Bengal,Kolkata,Mechua,Banana,Other,Small,2022-11-03,1200,1400,1400,19
West Bengal,Kolkata,Mechua,Banana,Other,Medium,2022-11-03,1800,2000,1800,19
West Bengal,Kolkata,Mechua,Banana,Other,Large,2022-11-03,2200,2400,2200,19
West Bengal,Kolkata,Mechua,Banana,Other,Small,2022-11-04,1200,1240,1200,19
West Bengal,Kolkata,Mechua,Banana,Other,Medium,2022-11-04,1400,1600,1500,19
West Bengal,Kolkata,Mechua,Banana,Other,Large,2022-11-04,1800,2200,2000,19
West Bengal,Kolkata,Mechua,Banana,Other,Large,2022-11-05,2000,2200,2200,19
West Bengal,Kolkata,Mechua,Banana,Other,Medium,2022-11-05,1400,1600,1600,19
West Bengal,Kolkata,Mechua,Banana,Other,Small,2022-11-05,1200,1400,1400,19
West Bengal,Kolkata,Mechua,Banana,Other,Large,2022-11-06,1800,2200,2000,19
West Bengal,Kolkata,Mechua,Banana,Other,Medium,2022-11-06,1400,1600,1400,19
West Bengal,Kolkata,Mechua,Banana,Other,Small,2022-11-06,1000,1200,1200,19
West Bengal,Kolkata,Mechua,Banana,Other,Large,2022-11-07,1800,2200,2000,19
West Bengal,Kolkata,Mechua,Banana,Other,Medium,2022-11-07,1400,1600,1400,19
West Bengal,Kolkata,Mechua,Banana,Other,Small,2022-11-07,1000,1200,1200,19
West Bengal,Kolkata,Mechua,Banana,Other,Medium,2022-11-08,1400,1600,1400,19
West Bengal,Kolkata,Mechua,Banana,Other,Large,2022-11-08,1800,2200,2000,19
West Bengal,Kolkata,Mechua,Banana,Other,Small,2022-11-08,1000,1200,1200,19
West Bengal,Kolkata,Mechua,Banana,Other,Large,2022-11-09,1600,2000,1800,19
West Bengal,Kolkata,Mechua,Banana,Other,Medium,2022-11-09,1200,1400,1400,19
West Bengal,Kolkata,Mechua,Banana,Other,Small,2022-11-09,1000,1100,1000,19
West Bengal,Kolkata,Mechua,Banana,Other,Large,2022-11-10,1600,1809,1800,19
West Bengal,Kolkata,Mechua,Banana,Other,Small,2022-11-10,1000,1100,1000,19
West Bengal,Kolkata,Mechua,Banana,Other,Medium,2022-11-10,1200,1450,1400,19
West Bengal,Kolkata,Mechua,Banana,Other,Small,2022-11-11,1000,1100,1000,19
West Bengal,Kolkata,Mechua,Banana,Other,Medium,2022-11-11,1200,1400,1400,19
West Bengal,Kolkata,Mechua,Banana,Other,Large,2022-11-11,1600,2000,1800,19
West Bengal,Kolkata,Mechua,Banana,Other,Small,2022-11-12,1000,1150,1100,19
West Bengal,Kolkata,Mechua,Banana,Other,Medium,2022-11-12,1200,1400,1400,19
West Bengal,Kolkata,Mechua,Banana,Other,Large,2022-11-12,1600,2000,1800,19
West Bengal,Kolkata,Mechua,Banana,Other,Medium,2022-11-13,1200,1400,1400,19
West Bengal,Kolkata,Mechua,Banana,Other,Large,2022-11-13,1600,2000,1800,19
West Bengal,Kolkata,Mechua,Banana,Other,Small,2022-11-13,1000,1100,1050,19
West Bengal,Kolkata,Mechua,Banana,Other,Large,2022-11-14,1600,2000,1800,19
West Bengal,Kolkata,Mechua,Banana,Other,Small,2022-11-14,1000,1100,1050,19
West Bengal,Kolkata,Mechua,Banana,Other,Medium,2022-11-14,1200,1400,1400,19
West Bengal,Kolkata,Mechua,Banana,Other,Small,2022-11-15,1000,1100,1060,19
West Bengal,Kolkata,Mechua,Banana,Other,Medium,2022-11-15,1200,1400,1400,19
West Bengal,Kolkata,Mechua,Banana,Other,Large,2022-11-15,1600,2000,1800,19
West Bengal,Kolkata,Mechua,Banana,Other,Small,2022-11-16,1000,1100,1050,19
West Bengal,Kolkata,Mechua,Banana,Other,Large,2022-11-16,1600,2000,1800,19
West Bengal,Kolkata,Mechua,Banana,Other,Medium,2022-11-16,1200,1400,1400,19
West Bengal,Kolkata,Mechua,Banana,Other,Medium,2022-11-17,1350,1500,1400,19
West Bengal,Kolkata,Mechua,Banana,Other,Large,2022-11-17,1600,1800,1800,19
West Bengal,Kolkata,Mechua,Banana,Other,Large,2022-11-18,1600,1800,1800,19
West Bengal,Kolkata,Mechua,Banana,Other,Medium,2022-11-18,1350,1500,1400,19
West Bengal,Kolkata,Mechua,Banana,Other,Small,2022-11-18,1100,1250,1200,19
West Bengal,Kolkata,Mechua,Banana,Other,Large,2022-11-19,1400,1600,1400,19
West Bengal,Kolkata,Mechua,Banana,Other,Medium,2022-11-19,1200,1260,1200,19
West Bengal,Kolkata,Mechua,Banana,Other,Small,2022-11-19,1000,1100,1060,19
West Bengal,Kolkata,Mechua,Banana,Other,Medium,2022-11-20,1320,1500,1400,19
West Bengal,Kolkata,Mechua,Banana,Other,Small,2022-11-20,1040,1200,1100,19
West Bengal,Kolkata,Mechua,Banana,Other,Large,2022-11-20,1600,1800,1800,19
West Bengal,Kolkata,Mechua,Banana,Other,Large,2022-11-21,1400,1800,1600,19
West Bengal,Kolkata,Mechua,Banana,Other,Small,2022-11-21,1000,1100,1050,19
West Bengal,Kolkata,Mechua,Banana,Other,Medium,2022-11-21,1200,1300,1200,19
West Bengal,Kolkata,Mechua,Banana,Other,Large,2022-11-22,1400,1800,1600,19
West Bengal,Kolkata,Mechua,Banana,Other,Medium,2022-11-22,1200,1300,1200,19
West Bengal,Kolkata,Mechua,Banana,Other,Small,2022-11-22,1000,1140,1100,19
West Bengal,Kolkata,Mechua,Banana,Other,Large,2022-11-23,1400,1600,1600,19
West Bengal,Kolkata,Mechua,Banana,Other,Large,2022-11-24,1400,1800,1600,19
West Bengal,Kolkata,Mechua,Banana,Other,Medium,2022-11-24,1200,1300,1260,19
West Bengal,Kolkata,Mechua,Banana,Other,Small,2022-11-24,1000,1100,1050,19
West Bengal,Kolkata,Mechua,Banana,Other,Large,2022-11-25,1400,1800,1600,19
West Bengal,Kolkata,Mechua,Banana,Other,Small,2022-11-25,1000,1100,1060,19
West Bengal,Kolkata,Mechua,Banana,Other,Medium,2022-11-25,1150,1260,1200,19
West Bengal,Kolkata,Mechua,Banana,Other,Medium,2022-11-26,1200,1300,1260,19
West Bengal,Kolkata,Mechua,Banana,Other,Small,2022-11-26,1000,1100,1040,19
West Bengal,Kolkata,Mechua,Banana,Other,Large,2022-11-26,1400,1800,1600,19
West Bengal,Kolkata,Mechua,Banana,Other,Large,2022-11-27,1400,1800,1600,19
West Bengal,Kolkata,Mechua,Banana,Other,Medium,2022-11-27,1300,1380,1360,19
West Bengal,Kolkata,Mechua,Banana,Other,Small,2022-11-27,1030,1200,1100,19
West Bengal,Kolkata,Mechua,Banana,Other,Large,2022-11-28,1400,1800,1600,19
West Bengal,Kolkata,Mechua,Banana,Other,Small,2022-11-28,1030,1200,1100,19
West Bengal,Kolkata,Mechua,Banana,Other,Medium,2022-11-28,1300,1380,1350,19
West Bengal,Kolkata,Mechua,Banana,Other,Medium,2022-11-29,1200,1300,1260,19
West Bengal,Kolkata,Mechua,Banana,Other,Large,2022-11-29,1400,1800,1600,19
West Bengal,Kolkata,Mechua,Banana,Other,Small,2022-11-29,1000,1100,1040,19
West Bengal,Kolkata,Mechua,Banana,Other,Small,2022-11-30,1000,1100,1040,19
West Bengal,Kolkata,Mechua,Banana,Other,Medium,2022-11-30,1200,1320,1260,19
West Bengal,Kolkata,Mechua,Banana,Other,Large,2022-11-30,1400,1800,1600,19
West Bengal,Kolkata,Mechua,Banana,Other,Medium,2022-12-01,1200,1300,1260,19
West Bengal,Kolkata,Mechua,Banana,Other,Large,2022-12-01,1400,1600,1600,19
West Bengal,Kolkata,Mechua,Banana,Other,Small,2022-12-01,1000,1120,1050,19
West Bengal,Kolkata,Mechua,Banana,Other,Medium,2022-12-02,1200,1300,1260,19
West Bengal,Kolkata,Mechua,Banana,Other,Large,2022-12-02,1400,1600,1600,19
West Bengal,Kolkata,Mechua,Banana,Other,Small,2022-12-02,1000,1120,1050,19
West Bengal,Kolkata,Mechua,Banana,Other,Large,2022-12-03,1400,1600,1400,19
West Bengal,Kolkata,Mechua,Banana,Other,Small,2022-12-03,1000,1130,1050,19
West Bengal,Kolkata,Mechua,Banana,Other,Medium,2022-12-03,1200,1300,1240,19
West Bengal,Kolkata,Mechua,Banana,Other,Large,2022-12-04,1800,2000,2000,19
West Bengal,Kolkata,Mechua,Banana,Other,Medium,2022-12-04,1500,1600,1600,19
West Bengal,Kolkata,Mechua,Banana,Other,Small,2022-12-04,1200,1400,1300,19
West Bengal,Kolkata,Mechua,Banana,Other,Small,2022-12-05,1200,1400,1300,19
West Bengal,Kolkata,Mechua,Banana,Other,Large,2022-12-05,1800,2000,2000,19
West Bengal,Kolkata,Mechua,Banana,Other,Medium,2022-12-05,1500,1600,1600,19
West Bengal,Kolkata,Mechua,Banana,Other,Large,2022-12-06,1800,2000,2000,19
West Bengal,Kolkata,Mechua,Banana,Other,Medium,2022-12-06,1500,1600,1600,19
West Bengal,Kolkata,Mechua,Banana,Other,Small,2022-12-06,1200,1400,1300,19
West Bengal,Kolkata,Mechua,Banana,Other,Medium,2022-12-07,1500,1600,1600,19
West Bengal,Kolkata,Mechua,Banana,Other,Large,2022-12-07,1800,2000,2000,19
West Bengal,Kolkata,Mechua,Banana,Other,Small,2022-12-07,1200,1400,1300,19
West Bengal,Kolkata,Mechua,Banana,Other,Medium,2022-12-08,1500,1600,1600,19
West Bengal,Kolkata,Mechua,Banana,Other,Large,2022-12-08,1800,2000,2000,19
West Bengal,Kolkata,Mechua,Banana,Other,Small,2022-12-08,1200,1400,1300,19
West Bengal,Kolkata,Mechua,Banana,Other,Large,2022-12-09,1800,2000,2000,19
West Bengal,Kolkata,Mechua,Banana,Other,Small,2022-12-09,1200,1400,1300,19
West Bengal,Kolkata,Mechua,Banana,Other,Medium,2022-12-09,1500,1600,1600,19
West Bengal,Kolkata,Mechua,Banana,Other,Medium,2022-12-10,1400,1500,1460,19
West Bengal,Kolkata,Mechua,Banana,Other,Small,2022-12-10,1200,1320,1260,19
West Bengal,Kolkata,Mechua,Banana,Other,Large,2022-12-10,1600,2000,1800,19
West Bengal,Kolkata,Mechua,Banana,Other,Large,2022-12-11,1600,2000,1800,19
West Bengal,Kolkata,Mechua,Banana,Other,Small,2022-12-11,1050,1200,1100,19
West Bengal,Kolkata,Mechua,Banana,Other,Medium,2022-12-11,1400,1560,1500,19
West Bengal,Kolkata,Mechua,Banana,Other,Large,2022-12-12,1670,2000,1800,19
West Bengal,Kolkata,Mechua,Banana,Other,Medium,2022-12-12,1500,1600,1600,19
West Bengal,Kolkata,Mechua,Banana,Other,Small,2022-12-12,1200,1400,1280,19
West Bengal,Kolkata,Mechua,Banana,Other,Medium,2022-12-13,1500,1600,1600,19
West Bengal,Kolkata,Mechua,Banana,Other,Small,2022-12-13,1200,1400,1280,19
West Bengal,Kolkata,Mechua,Banana,Other,Large,2022-12-13,1650,2000,1800,19
West Bengal,Kolkata,Mechua,Banana,Other,Large,2022-12-14,1640,2000,1800,19
West Bengal,Kolkata,Mechua,Banana,Other,Small,2022-12-14,1200,1400,1280,19
West Bengal,Kolkata,Mechua,Banana,Other,Medium,2022-12-14,1500,1600,1600,19
West Bengal,Kolkata,Mechua,Banana,Other,Large,2022-12-15,1650,2000,1800,19
West Bengal,Kolkata,Mechua,Banana,Other,Small,2022-12-15,1200,1400,1280,19
West Bengal,Kolkata,Mechua,Banana,Other,Medium,2022-12-15,1500,1600,1600,19
West Bengal,Kolkata,Mechua,Banana,Other,Large,2022-12-16,1650,2000,1800,19
West Bengal,Kolkata,Mechua,Banana,Other,Medium,2022-12-16,1500,1600,1600,19
West Bengal,Kolkata,Mechua,Banana,Other,Small,2022-12-16,1200,1400,1280,19
West Bengal,Kolkata,Mechua,Banana,Other,Small,2022-12-17,1240,1400,1280,19
West Bengal,Kolkata,Mechua,Banana,Other,Medium,2022-12-17,1500,1600,1560,19
West Bengal,Kolkata,Mechua,Banana,Other,Large,2022-12-17,1650,1800,1800,19
West Bengal,Kolkata,Mechua,Banana,Other,Large,2022-12-18,1500,1800,1540,19
West Bengal,Kolkata,Mechua,Banana,Other,Small,2022-12-18,1200,1280,1200,19
West Bengal,Kolkata,Mechua,Banana,Other,Medium,2022-12-18,1340,1400,1400,19
West Bengal,Kolkata,Mechua,Banana,Other,Small,2022-12-19,1200,1300,1260,19
West Bengal,Kolkata,Mechua,Banana,Other,Medium,2022-12-19,1340,1400,1400,19
West Bengal,Kolkata,Mechua,Banana,Other,Large,2022-12-19,1500,1800,1600,19
West Bengal,Kolkata,Mechua,Banana,Other,Large,2022-12-20,1500,1700,1600,19
West Bengal,Kolkata,Mechua,Banana,Other,Medium,2022-12-21,1500,1600,1560,19
West Bengal,Kolkata,Mechua,Banana,Other,Small,2022-12-21,1200,1400,1260,19
West Bengal,Kolkata,Mechua,Banana,Other,Large,2022-12-21,1700,1800,1740,19
West Bengal,Kolkata,Mechua,Banana,Other,Small,2022-12-22,1200,1400,1280,19
West Bengal,Kolkata,Mechua,Banana,Other,Medium,2022-12-22,1500,1600,1560,19
West Bengal,Kolkata,Mechua,Banana,Other,Large,2022-12-22,1700,1800,1740,19
West Bengal,Kolkata,Mechua,Banana,Other,Large,2022-12-23,1600,1700,1650,19
West Bengal,Kolkata,Mechua,Banana,Other,Small,2022-12-23,1200,1280,1260,19
West Bengal,Kolkata,Mechua,Banana,Other,Medium,2022-12-23,1400,1560,1500,19
West Bengal,Kolkata,Mechua,Banana,Other,Large,2022-12-24,1600,1700,1640,19
West Bengal,Kolkata,Mechua,Banana,Other,Medium,2022-12-24,1400,1560,1500,19
West Bengal,Kolkata,Mechua,Banana,Other,Small,2022-12-24,1200,1300,1250,19
West Bengal,Kolkata,Mechua,Banana,Other,Large,2022-12-25,1600,1700,1600,19
West Bengal,Kolkata,Mechua,Banana,Other,Small,2022-12-25,1200,1300,1250,19
West Bengal,Kolkata,Mechua,Banana,Other,Medium,2022-12-25,1400,1540,1500,19
West Bengal,Kolkata,Mechua,Banana,Other,Large,2022-12-26,1600,1680,1650,19
West Bengal,Kolkata,Mechua,Banana,Other,Small,2022-12-26,1200,1280,1240,19
West Bengal,Kolkata,Mechua,Banana,Other,Medium,2022-12-26,1400,1500,1480,19
West Bengal,Kolkata,Mechua,Banana,Other,Medium,2022-12-27,1400,1500,1450,19
West Bengal,Kolkata,Mechua,Banana,Other,Small,2022-12-27,1200,1260,1240,19
West Bengal,Kolkata,Mechua,Banana,Other,Large,2022-12-27,1600,1700,1640,19
West Bengal,Kolkata,Mechua,Banana,Other,Small,2022-12-28,1200,1260,1220,19
West Bengal,Kolkata,Mechua,Banana,Other,Medium,2022-12-28,1400,1500,1440,19
West Bengal,Kolkata,Mechua,Banana,Other,Large,2022-12-28,1600,1650,1600,19
West Bengal,Kolkata,Mechua,Banana,Other,Medium,2022-12-29,1400,1500,1450,19
West Bengal,Kolkata,Mechua,Banana,Other,Small,2022-12-29,1200,1260,1240,19
West Bengal,Kolkata,Mechua,Banana,Other,Large,2022-12-29,1600,1650,1600,19
West Bengal,Kolkata,Mechua,Banana,Other,Large,2022-12-30,1600,1640,1600,19
West Bengal,Kolkata,Mechua,Banana,Other,Medium,2022-12-30,1400,1500,1440,19
West Bengal,Kolkata,Mechua,Banana,Other,Small,2022-12-30,1200,1280,1240,19
West Bengal,Kolkata,Mechua,Banana,Other,Medium,2022-12-31,1400,1500,1450,19
West Bengal,Kolkata,Mechua,Banana,Other,Large,2022-12-31,1600,1640,1600,19
West Bengal,Kolkata,Mechua,Banana,Other,Small,2022-12-31,1200,1280,1240,19
West Bengal,Kolkata,Mechua,Banana,Other,Large,2023-01-01,1600,1650,1600,19
West Bengal,Kolkata,Mechua,Banana,Other,Medium,2023-01-01,1400,1500,1450,19
West Bengal,Kolkata,Mechua,Banana,Other,Small,2023-01-01,1200,1280,1260,19
West Bengal,Kolkata,Mechua,Banana,Other,Medium,2023-01-02,1400,1500,1460,19
West Bengal,Kolkata,Mechua,Banana,Other,Large,2023-01-02,1540,1600,1540,19
West Bengal,Kolkata,Mechua,Banana,Other,Small,2023-01-02,1200,1260,1240,19
West Bengal,Kolkata,Mechua,Banana,Other,Large,2023-01-03,1500,1600,1560,19
West Bengal,Kolkata,Mechua,Banana,Other,Small,2023-01-03,1200,1260,1240,19
West Bengal,Kolkata,Mechua,Banana,Other,Medium,2023-01-03,1400,1480,1450,19
West Bengal,Kolkata,Mechua,Banana,Other,Medium,2023-01-04,1400,1480,1460,19
West Bengal,Kolkata,Mechua,Banana,Other,Large,2023-01-04,1500,1600,1540,19
West Bengal,Kolkata,Mechua,Banana,Other,Small,2023-01-04,1200,1270,1250,19
West Bengal,Kolkata,Mechua,Banana,Other,Large,2023-01-05,1500,1600,1560,19
West Bengal,Kolkata,Mechua,Banana,Other,Medium,2023-01-05,1400,1480,1450,19
West Bengal,Kolkata,Mechua,Banana,Other,Small,2023-01-05,1200,1280,1240,19
West Bengal,Kolkata,Mechua,Banana,Other,Small,2023-01-06,1200,1260,1220,19
West Bengal,Kolkata,Mechua,Banana,Other,Medium,2023-01-06,1400,1460,1440,19
West Bengal,Kolkata,Mechua,Banana,Other,Large,2023-01-06,1500,1600,1540,19
West Bengal,Kolkata,Mechua,Banana,Other,Medium,2023-01-07,1400,1460,1440,19
West Bengal,Kolkata,Mechua,Banana,Other,Large,2023-01-07,1500,1600,1540,19
West Bengal,Kolkata,Mechua,Banana,Other,Small,2023-01-07,1200,1250,1220,19
West Bengal,Kolkata,Mechua,Banana,Other,Small,2023-01-08,1200,1260,1230,19
West Bengal,Kolkata,Mechua,Banana,Other,Medium,2023-01-08,1400,1480,1450,19
West Bengal,Kolkata,Mechua,Banana,Other,Large,2023-01-08,1500,1600,1540,19
West Bengal,Kolkata,Mechua,Banana,Other,Large,2023-01-09,1500,1600,1540,19
West Bengal,Kolkata,Mechua,Banana,Other,Small,2023-01-09,1200,1260,1230,19
West Bengal,Kolkata,Mechua,Banana,Other,Medium,2023-01-09,1400,1490,1450,19
West Bengal,Kolkata,Mechua,Banana,Other,Medium,2023-01-10,1400,1500,1450,19
West Bengal,Kolkata,Mechua,Banana,Other,Large,2023-01-10,1500,1600,1560,19
West Bengal,Kolkata,Mechua,Banana,Other,Small,2023-01-10,1200,1280,1250,19
West Bengal,Kolkata,Mechua,Banana,Other,Large,2023-01-11,1500,1600,1560,19
West Bengal,Kolkata,Mechua,Banana,Other,Medium,2023-01-11,1400,1480,1460,19
West Bengal,Kolkata,Mechua,Banana,Other,Small,2023-01-11,1200,1280,1240,19
West Bengal,Kolkata,Mechua,Banana,Other,Small,2023-01-12,1200,1280,1250,19
West Bengal,Kolkata,Mechua,Banana,Other,Large,2023-01-12,1500,1600,1550,19
West Bengal,Kolkata,Mechua,Banana,Other,Medium,2023-01-12,1400,1480,1450,19
West Bengal,Kolkata,Mechua,Banana,Other,Small,2023-01-13,1200,1280,1240,19
West Bengal,Kolkata,Mechua,Banana,Other,Large,2023-01-13,1500,1600,1550,19
West Bengal,Kolkata,Mechua,Banana,Other,Medium,2023-01-13,1400,1480,1450,19
West Bengal,Kolkata,Mechua,Banana,Other,Medium,2023-01-14,1400,1480,1460,19
West Bengal,Kolkata,Mechua,Banana,Other,Large,2023-01-14,1500,1600,1560,19
West Bengal,Kolkata,Mechua,Banana,Other,Small,2023-01-14,1200,1280,1250,19
West Bengal,Kolkata,Mechua,Banana,Other,Small,2023-01-15,1200,1290,1250,19
West Bengal,Kolkata,Mechua,Banana,Other,Large,2023-01-15,1500,1600,1560,19
West Bengal,Kolkata,Mechua,Banana,Other,Medium,2023-01-15,1400,1490,1460,19
West Bengal,Kolkata,Mechua,Banana,Other,Medium,2023-01-16,1400,1480,1440,19
West Bengal,Kolkata,Mechua,Banana,Other,Large,2023-01-16,1500,1600,1560,19
West Bengal,Kolkata,Mechua,Banana,Other,Small,2023-01-16,1200,1280,1240,19
West Bengal,Kolkata,Mechua,Banana,Other,Medium,2023-01-17,1400,1480,1450,19
West Bengal,Kolkata,Mechua,Banana,Other,Large,2023-01-17,1500,1600,1560,19
West Bengal,Kolkata,Mechua,Banana,Other,Small,2023-01-17,1200,1280,1240,19
West Bengal,Kolkata,Mechua,Banana,Other,Large,2023-01-18,1500,1600,1540,19
West Bengal,Kolkata,Mechua,Banana,Other,Small,2023-01-18,1200,1280,1240,19
West Bengal,Kolkata,Mechua,Banana,Other,Medium,2023-01-18,1400,1480,1440,19
West Bengal,Kolkata,Mechua,Banana,Other,Large,2023-01-19,1500,1600,1540,19
West Bengal,Kolkata,Mechua,Banana,Other,Small,2023-01-19,1200,1280,1240,19
West Bengal,Kolkata,Mechua,Banana,Other,Medium,2023-01-19,1400,1460,1440,19
West Bengal,Kolkata,Mechua,Banana,Other,Medium,2023-01-20,1400,1480,1450,19
West Bengal,Kolkata,Mechua,Banana,Other,Large,2023-01-20,1500,1600,1550,19
West Bengal,Kolkata,Mechua,Banana,Other,Small,2023-01-20,1200,1280,1240,19
West Bengal,Kolkata,Mechua,Banana,Other,Medium,2023-01-21,1400,1460,1450,19
West Bengal,Kolkata,Mechua,Banana,Other,Small,2023-01-21,1200,1280,1250,19
West Bengal,Kolkata,Mechua,Banana,Other,Large,2023-01-21,1500,1580,1540,19
West Bengal,Kolkata,Mechua,Banana,Other,Medium,2023-01-22,1400,1450,1440,19
West Bengal,Kolkata,Mechua,Banana,Other,Small,2023-01-22,1200,1280,1260,19
West Bengal,Kolkata,Mechua,Banana,Other,Large,2023-01-22,1500,1560,1540,19
West Bengal,Kolkata,Mechua,Banana,Other,Medium,2023-01-23,1400,1480,1440,19
West Bengal,Kolkata,Mechua,Banana,Other,Large,2023-01-23,1500,1600,1550,19
West Bengal,Kolkata,Mechua,Banana,Other,Small,2023-01-23,1200,1280,1250,19
West Bengal,Kolkata,Mechua,Banana,Other,Large,2023-01-24,1500,1700,1600,19
West Bengal,Kolkata,Mechua,Banana,Other,Medium,2023-01-24,1400,1480,1450,19
West Bengal,Kolkata,Mechua,Banana,Other,Small,2023-01-24,1200,1280,1250,19
West Bengal,Kolkata,Mechua,Banana,Other,Medium,2023-01-25,1400,1480,1450,19
West Bengal,Kolkata,Mechua,Banana,Other,Large,2023-01-25,1500,1700,1600,19
West Bengal,Kolkata,Mechua,Banana,Other,Small,2023-01-25,1200,1300,1250,19
West Bengal,Kolkata,Mechua,Banana,Other,Large,2023-01-26,1500,1700,1600,19
West Bengal,Kolkata,Mechua,Banana,Other,Medium,2023-01-26,1400,1480,1450,19
West Bengal,Kolkata,Mechua,Banana,Other,Small,2023-01-26,1200,1300,1250,19
West Bengal,Kolkata,Mechua,Banana,Other,Small,2023-01-27,1200,1300,1240,19
West Bengal,Kolkata,Mechua,Banana,Other,Medium,2023-01-27,1400,1480,1440,19
West Bengal,Kolkata,Mechua,Banana,Other,Large,2023-01-27,1500,1700,1600,19
West Bengal,Kolkata,Mechua,Banana,Other,Medium,2023-01-28,1400,1480,1440,19
West Bengal,Kolkata,Mechua,Banana,Other,Small,2023-01-28,1200,1300,1250,19
West Bengal,Kolkata,Mechua,Banana,Other,Large,2023-01-28,1500,1600,1560,19
West Bengal,Kolkata,Mechua,Banana,Other,Large,2023-01-29,1500,1600,1560,19
West Bengal,Kolkata,Mechua,Banana,Other,Small,2023-01-29,1200,1280,1240,19
West Bengal,Kolkata,Mechua,Banana,Other,Medium,2023-01-29,1400,1480,1440,19
West Bengal,Kolkata,Mechua,Banana,Other,Large,2023-01-30,1500,1560,1540,19
West Bengal,Kolkata,Mechua,Banana,Other,Small,2023-01-30,1200,1270,1240,19
West Bengal,Kolkata,Mechua,Banana,Other,Medium,2023-01-30,1400,1480,1440,19
West Bengal,Kolkata,Mechua,Banana,Other,Medium,2023-01-31,1400,1480,1450,19
West Bengal,Kolkata,Mechua,Banana,Other,Large,2023-01-31,1500,1600,1540,19
West Bengal,Kolkata,Mechua,Banana,Other,Small,2023-01-31,1200,1280,1240,19
West Bengal,Kolkata,Mechua,Banana,Other,Small,2023-02-01,1200,1300,1260,19
West Bengal,Kolkata,Mechua,Banana,Other,Medium,2023-02-01,1400,1440,1400,19
West Bengal,Kolkata,Mechua,Banana,Other,Large,2023-02-01,1480,1540,1500,19
West Bengal,Kolkata,Mechua,Banana,Other,Large,2023-02-02,1500,1600,1540,19
West Bengal,Kolkata,Mechua,Banana,Other,Small,2023-02-02,1200,1260,1240,19
West Bengal,Kolkata,Mechua,Banana,Other,Medium,2023-02-02,1400,1480,1450,19
West Bengal,Kolkata,Mechua,Banana,Other,Small,2023-02-03,1200,1280,1240,19
West Bengal,Kolkata,Mechua,Banana,Other,Large,2023-02-03,1480,1540,1500,19
West Bengal,Kolkata,Mechua,Banana,Other,Medium,2023-02-03,1400,1460,1440,19
West Bengal,Kolkata,Mechua,Banana,Other,Small,2023-02-04,1200,1280,1250,19
West Bengal,Kolkata,Mechua,Banana,Other,Medium,2023-02-04,1400,1460,1450,19
West Bengal,Kolkata,Mechua,Banana,Other,Large,2023-02-04,1500,1600,1540,19
West Bengal,Kolkata,Mechua,Banana,Other,Large,2023-02-05,1500,1600,1550,19
West Bengal,Kolkata,Mechua,Banana,Other,Small,2023-02-05,1200,1280,1250,19
West Bengal,Kolkata,Mechua,Banana,Other,Medium,2023-02-05,1400,1460,1450,19
West Bengal,Kolkata,Mechua,Banana,Other,Medium,2023-02-06,1400,1470,1450,19
West Bengal,Kolkata,Mechua,Banana,Other,Large,2023-02-06,1500,1600,1560,19
West Bengal,Kolkata,Mechua,Banana,Other,Small,2023-02-06,1200,1280,1240,19
West Bengal,Kolkata,Mechua,Banana,Other,Large,2023-02-07,1500,1600,1540,19
West Bengal,Kolkata,Mechua,Banana,Other,Medium,2023-02-07,1400,1460,1440,19
West Bengal,Kolkata,Mechua,Banana,Other,Small,2023-02-07,1200,1280,1250,19
West Bengal,Kolkata,Mechua,Banana,Other,Medium,2023-02-08,1400,1460,1400,19
West Bengal,Kolkata,Mechua,Banana,Other,Large,2023-02-08,1500,1560,1500,19
West Bengal,Kolkata,Mechua,Banana,Other,Small,2023-02-08,1200,1260,1240,19
West Bengal,Kolkata,Mechua,Banana,Other,Medium,2023-02-09,1200,1280,1250,19
West Bengal,Kolkata,Mechua,Banana,Other,Small,2023-02-09,1100,1180,1140,19
West Bengal,Kolkata,Mechua,Banana,Other,Large,2023-02-09,1400,1540,1500,19
West Bengal,Kolkata,Mechua,Banana,Other,Medium,2023-02-10,1400,1450,1400,19
West Bengal,Kolkata,Mechua,Banana,Other,Small,2023-02-10,1200,1260,1240,19
West Bengal,Kolkata,Mechua,Banana,Other,Large,2023-02-10,1500,1560,1500,19
West Bengal,Kolkata,Mechua,Banana,Other,Large,2023-02-11,1400,1500,1500,19
West Bengal,Kolkata,Mechua,Banana,Other,Medium,2023-02-12,1200,1280,1240,19
West Bengal,Kolkata,Mechua,Banana,Other,Large,2023-02-12,1400,1500,1500,19
West Bengal,Kolkata,Mechua,Banana,Other,Small,2023-02-12,1000,1100,1060,19
West Bengal,Kolkata,Mechua,Banana,Other,Large,2023-02-13,1400,1500,1420,19
West Bengal,Kolkata,Mechua,Banana,Other,Medium,2023-02-13,1200,1300,1260,19
West Bengal,Kolkata,Mechua,Banana,Other,Small,2023-02-13,1000,1070,1060,19
West Bengal,Kolkata,Mechua,Banana,Other,Medium,2023-02-14,1200,1300,1240,19
West Bengal,Kolkata,Mechua,Banana,Other,Large,2023-02-14,1400,1480,1440,19
West Bengal,Kolkata,Mechua,Banana,Other,Small,2023-02-14,1000,1100,1060,19
West Bengal,Kolkata,Mechua,Banana,Other,Large,2023-02-15,1400,1480,1450,19
West Bengal,Kolkata,Mechua,Banana,Other,Medium,2023-02-15,1200,1300,1250,19
West Bengal,Kolkata,Mechua,Banana,Other,Small,2023-02-15,1000,1100,1050,19
West Bengal,Kolkata,Mechua,Banana,Other,Large,2023-02-16,1400,1500,1440,19
West Bengal,Kolkata,Mechua,Banana,Other,Small,2023-02-16,1000,1100,1040,19
West Bengal,Kolkata,Mechua,Banana,Other,Medium,2023-02-16,1200,1300,1260,19
West Bengal,Kolkata,Mechua,Banana,Other,Large,2023-02-17,1400,1480,1440,19
West Bengal,Kolkata,Mechua,Banana,Other,Large,2023-02-18,1400,1500,1440,19
West Bengal,Kolkata,Mechua,Banana,Other,Small,2023-02-18,1020,1100,1040,19
West Bengal,Kolkata,Mechua,Banana,Other,Medium,2023-02-18,1200,1280,1250,19
West Bengal,Kolkata,Mechua,Banana,Other,Large,2023-02-19,1400,1500,1400,19
West Bengal,Kolkata,Mechua,Banana,Other,Small,2023-02-19,1000,1100,1020,19
West Bengal,Kolkata,Mechua,Banana,Other,Medium,2023-02-19,1200,1250,1200,19
West Bengal,Kolkata,Mechua,Banana,Other,Small,2023-02-20,1000,1060,1040,19
West Bengal,Kolkata,Mechua,Banana,Other,Large,2023-02-20,1400,1460,1400,19
West Bengal,Kolkata,Mechua,Banana,Other,Medium,2023-02-20,1200,1250,1200,19
West Bengal,Kolkata,Mechua,Banana,Other,Medium,2023-02-21,1200,1260,1200,19
West Bengal,Kolkata,Mechua,Banana,Other,Large,2023-02-21,1400,1460,1400,19
West Bengal,Kolkata,Mechua,Banana,Other,Small,2023-02-21,1000,1100,1050,19
West Bengal,Kolkata,Mechua,Banana,Other,Small,2023-02-22,1000,1100,1060,19
West Bengal,Kolkata,Mechua,Banana,Other,Large,2023-02-22,1400,1500,1400,19
West Bengal,Kolkata,Mechua,Banana,Other,Medium,2023-02-22,1200,1260,1200,19
West Bengal,Kolkata,Mechua,Banana,Other,Medium,2023-02-23,1200,1240,1200,19
West Bengal,Kolkata,Mechua,Banana,Other,Large,2023-02-23,1400,1480,1400,19
West Bengal,Kolkata,Mechua,Banana,Other,Small,2023-02-23,1000,1100,1040,19
West Bengal,Kolkata,Mechua,Banana,Other,Medium,2023-02-24,1200,1260,1200,19
West Bengal,Kolkata,Mechua,Banana,Other,Large,2023-02-24,1400,1480,1440,19
West Bengal,Kolkata,Mechua,Banana,Other,Small,2023-02-24,1000,1100,1060,19
West Bengal,Kolkata,Mechua,Banana,Other,Large,2023-02-25,1400,1460,1460,19
West Bengal,Kolkata,Mechua,Banana,Other,Medium,2023-02-25,1200,1240,1200,19
West Bengal,Kolkata,Mechua,Banana,Other,Small,2023-02-25,1000,1080,1040,19
West Bengal,Kolkata,Mechua,Banana,Other,Large,2023-02-26,1400,1460,1420,19
West Bengal,Kolkata,Mechua,Banana,Other,Small,2023-02-26,1000,1100,1050,19
West Bengal,Kolkata,Mechua,Banana,Other,Medium,2023-02-26,1200,1280,1240,19
West Bengal,Kolkata,Mechua,Banana,Other,Medium,2023-02-27,1200,1280,1250,19
West Bengal,Kolkata,Mechua,Banana,Other,Large,2023-02-27,1400,1460,1430,19
West Bengal,Kolkata,Mechua,Banana,Other,Small,2023-02-27,1000,1100,1040,19
West Bengal,Kolkata,Mechua,Banana,Other,Medium,2023-02-28,1200,1280,1250,19
West Bengal,Kolkata,Mechua,Banana,Other,Small,2023-02-28,1000,1100,1040,19
West Bengal,Kolkata,Mechua,Banana,Other,Large,2023-02-28,1400,1460,1420,19
West Bengal,Kolkata,Mechua,Banana,Other,Large,2023-03-01,1400,1440,1400,19
West Bengal,Kolkata,Mechua,Banana,Other,Medium,2023-03-01,1200,1260,1240,19
West Bengal,Kolkata,Mechua,Banana,Other,Small,2023-03-01,1000,1060,1050,19
West Bengal,Kolkata,Mechua,Banana,Other,Small,2023-03-02,1000,1060,1040,19
West Bengal,Kolkata,Mechua,Banana,Other,Large,2023-03-02,1400,1460,1400,19
West Bengal,Kolkata,Mechua,Banana,Other,Medium,2023-03-02,1200,1260,1240,19
West Bengal,Kolkata,Mechua,Banana,Other,Large,2023-03-03,1400,1440,1400,19
West Bengal,Kolkata,Mechua,Banana,Other,Small,2023-03-03,1000,1040,1020,19
West Bengal,Kolkata,Mechua,Banana,Other,Medium,2023-03-03,1200,1240,1220,19
West Bengal,Kolkata,Mechua,Banana,Other,Large,2023-03-04,1400,1440,1400,19
West Bengal,Kolkata,Mechua,Banana,Other,Small,2023-03-04,1000,1040,1020,19
West Bengal,Kolkata,Mechua,Banana,Other,Medium,2023-03-04,1200,1240,1220,19
West Bengal,Kolkata,Mechua,Banana,Other,Large,2023-03-05,1400,1440,1400,19
West Bengal,Kolkata,Mechua,Banana,Other,Medium,2023-03-05,1200,1260,1200,19
West Bengal,Kolkata,Mechua,Banana,Other,Small,2023-03-05,1000,1080,1020,19
West Bengal,Kolkata,Mechua,Banana,Other,Large,2023-03-06,1400,1440,1400,19
West Bengal,Kolkata,Mechua,Banana,Other,Medium,2023-03-06,1200,1240,1200,19
West Bengal,Kolkata,Mechua,Banana,Other,Small,2023-03-06,1000,1060,1020,19
West Bengal,Kolkata,Mechua,Banana,Other,Medium,2023-03-07,1200,1240,1200,19
West Bengal,Kolkata,Mechua,Banana,Other,Small,2023-03-07,1000,1060,1020,19
West Bengal,Kolkata,Mechua,Banana,Other,Large,2023-03-07,1400,1450,1400,19
West Bengal,Kolkata,Mechua,Banana,Other,Small,2023-03-08,1000,1050,1020,19
West Bengal,Kolkata,Mechua,Banana,Other,Medium,2023-03-08,1200,1240,1200,19
West Bengal,Kolkata,Mechua,Banana,Other,Large,2023-03-08,1400,1450,1400,19
West Bengal,Kolkata,Mechua,Banana,Other,Medium,2023-03-09,1200,1250,1200,19
West Bengal,Kolkata,Mechua,Banana,Other,Large,2023-03-09,1400,1440,1400,19
West Bengal,Kolkata,Mechua,Banana,Other,Small,2023-03-09,1000,1040,1020,19
West Bengal,Kolkata,Mechua,Banana,Other,Medium,2023-03-10,1200,1240,1200,19
West Bengal,Kolkata,Mechua,Banana,Other,Large,2023-03-10,1400,1460,1400,19
West Bengal,Kolkata,Mechua,Banana,Other,Small,2023-03-10,1000,1040,1020,19
West Bengal,Kolkata,Mechua,Banana,Other,Small,2023-03-11,1000,1050,1020,19
West Bengal,Kolkata,Mechua,Banana,Other,Large,2023-03-11,1400,1440,1400,19
West Bengal,Kolkata,Mechua,Banana,Other,Medium,2023-03-11,1200,1220,1200,19
West Bengal,Kolkata,Mechua,Banana,Other,Medium,2023-03-12,1200,1260,1200,19
West Bengal,Kolkata,Mechua,Banana,Other,Large,2023-03-12,1400,1450,1400,19
West Bengal,Kolkata,Mechua,Banana,Other,Small,2023-03-12,1000,1040,1020,19
West Bengal,Kolkata,Mechua,Banana,Other,Large,2023-03-13,1400,1450,1400,19
West Bengal,Kolkata,Mechua,Banana,Other,Medium,2023-03-13,1200,1260,1200,19
West Bengal,Kolkata,Mechua,Banana,Other,Small,2023-03-13,1000,1040,1020,19
West Bengal,Kolkata,Mechua,Banana,Other,Small,2023-03-14,1000,1040,1020,19
West Bengal,Kolkata,Mechua,Banana,Other,Medium,2023-03-14,1200,1250,1200,19
West Bengal,Kolkata,Mechua,Banana,Other,Large,2023-03-14,1400,1460,1400,19
West Bengal,Kolkata,Mechua,Banana,Other,Small,2023-03-15,1200,1260,1200,19
West Bengal,Kolkata,Mechua,Banana,Other,Medium,2023-03-15,1400,1450,1400,19
West Bengal,Kolkata,Mechua,Banana,Other,Large,2023-03-15,1600,1800,1600,19
West Bengal,Kolkata,Mechua,Banana,Other,Large,2023-03-16,1600,1800,1650,19
West Bengal,Kolkata,Mechua,Banana,Other,Medium,2023-03-16,1400,1500,1400,19
West Bengal,Kolkata,Mechua,Banana,Other,Small,2023-03-16,1200,1260,1200,19
West Bengal,Kolkata,Mechua,Banana,Other,Small,2023-03-17,1200,1250,1200,19
West Bengal,Kolkata,Mechua,Banana,Other,Large,2023-03-17,1600,1800,1680,19
West Bengal,Kolkata,Mechua,Banana,Other,Medium,2023-03-17,1400,1500,1400,19
West Bengal,Kolkata,Mechua,Banana,Other,Large,2023-03-18,1600,1760,1640,19
West Bengal,Kolkata,Mechua,Banana,Other,Medium,2023-03-18,1400,1500,1440,19
West Bengal,Kolkata,Mechua,Banana,Other,Small,2023-03-18,1200,1280,1240,19
West Bengal,Kolkata,Mechua,Banana,Other,Medium,2023-03-19,1400,1500,1400,19
West Bengal,Kolkata,Mechua,Banana,Other,Large,2023-03-19,1600,1760,1640,19
West Bengal,Kolkata,Mechua,Banana,Other,Small,2023-03-19,1200,1260,1200,19
West Bengal,Kolkata,Mechua,Banana,Other,Medium,2023-03-20,1400,1460,1400,19
West Bengal,Kolkata,Mechua,Banana,Other,Small,2023-03-20,1200,1240,1200,19
West Bengal,Kolkata,Mechua,Banana,Other,Large,2023-03-20,1600,1700,1640,19
West Bengal,Kolkata,Mechua,Banana,Other,Large,2023-03-21,1600,1700,1650,19
West Bengal,Kolkata,Mechua,Banana,Other,Medium,2023-03-21,1400,1460,1400,19
West Bengal,Kolkata,Mechua,Banana,Other,Small,2023-03-22,1200,1240,1200,19
West Bengal,Kolkata,Mechua,Banana,Other,Medium,2023-03-22,1400,1450,1400,19
West Bengal,Kolkata,Mechua,Banana,Other,Large,2023-03-22,1600,1700,1650,19
West Bengal,Kolkata,Mechua,Banana,Other,Large,2023-03-23,1600,1740,1660,19
West Bengal,Kolkata,Mechua,Banana,Other,Small,2023-03-23,1200,1250,1200,19
West Bengal,Kolkata,Mechua,Banana,Other,Medium,2023-03-23,1400,1460,1400,19
West Bengal,Kolkata,Mechua,Banana,Other,Medium,2023-03-24,1400,1450,1400,19
West Bengal,Kolkata,Mechua,Banana,Other,Small,2023-03-24,1200,1240,1220,19
West Bengal,Kolkata,Mechua,Banana,Other,Large,2023-03-24,1600,1720,1640,19
West Bengal,Kolkata,Mechua,Banana,Other,Medium,2023-03-25,1400,1460,1400,19
West Bengal,Kolkata,Mechua,Banana,Other,Large,2023-03-25,1600,1700,1650,19
West Bengal,Kolkata,Mechua,Banana,Other,Small,2023-03-25,1200,1260,1230,19
West Bengal,Kolkata,Mechua,Banana,Other,Large,2023-03-26,1600,1700,1650,19
West Bengal,Kolkata,Mechua,Banana,Other,Medium,2023-03-26,1400,1440,1400,19
West Bengal,Kolkata,Mechua,Banana,Other,Small,2023-03-26,1200,1250,1220,19
West Bengal,Kolkata,Mechua,Banana,Other,Medium,2023-03-27,1400,1450,1400,19
West Bengal,Kolkata,Mechua,Banana,Other,Small,2023-03-27,1200,1260,1230,19
West Bengal,Kolkata,Mechua,Banana,Other,Large,2023-03-27,1600,1700,1660,19
West Bengal,Kolkata,Mechua,Banana,Other,Large,2023-03-28,1600,1700,1650,19
West Bengal,Kolkata,Mechua,Banana,Other,Large,2023-03-29,1600,1700,1640,19
West Bengal,Kolkata,Mechua,Banana,Other,Small,2023-03-29,1200,1240,1220,19
West Bengal,Kolkata,Mechua,Banana,Other,Medium,2023-03-29,1400,1450,1420,19
West Bengal,Kolkata,Mechua,Banana,Other,Small,2023-03-30,1200,1250,1220,19
West Bengal,Kolkata,Mechua,Banana,Other,Large,2023-03-30,1600,1700,1650,19
West Bengal,Kolkata,Mechua,Banana,Other,Medium,2023-03-30,1400,1460,1430,19
West Bengal,Kolkata,Mechua,Banana,Other,Large,2023-03-31,1600,1700,1640,19
West Bengal,Kolkata,Mechua,Banana,Other,Small,2023-03-31,1200,1250,1230,19
West Bengal,Kolkata,Mechua,Banana,Other,Medium,2023-03-31,1400,1450,1420,19
West Bengal,Kolkata,Mechua,Banana,Other,Large,2023-04-01,1600,1700,1640,19
West Bengal,Kolkata,Mechua,Banana,Other,Medium,2023-04-01,1400,1450,1420,19
West Bengal,Kolkata,Mechua,Banana,Other,Small,2023-04-01,1200,1260,1240,19
West Bengal,Kolkata,Mechua,Banana,Other,Small,2023-04-02,1200,1250,1220,19
West Bengal,Kolkata,Mechua,Banana,Other,Medium,2023-04-02,1400,1450,1420,19
West Bengal,Kolkata,Mechua,Banana,Other,Large,2023-04-02,1600,1700,1650,19
West Bengal,Kolkata,Mechua,Banana,Other,Small,2023-04-03,1200,1270,1250,19
West Bengal,Kolkata,Mechua,Banana,Other,Large,2023-04-03,1600,1700,1650,19
West Bengal,Kolkata,Mechua,Banana,Other,Medium,2023-04-03,1400,1500,1430,19
West Bengal,Kolkata,Mechua,Banana,Other,Small,2023-04-04,1200,1260,1240,19
West Bengal,Kolkata,Mechua,Banana,Other,Large,2023-04-04,1600,1700,1640,19
West Bengal,Kolkata,Mechua,Banana,Other,Medium,2023-04-04,1400,1500,1440,19
West Bengal,Kolkata,Mechua,Banana,Other,Small,2023-04-05,1200,1260,1240,19
West Bengal,Kolkata,Mechua,Banana,Other,Medium,2023-04-05,1400,1500,1460,19
West Bengal,Kolkata,Mechua,Banana,Other,Large,2023-04-05,1600,1700,1650,19
West Bengal,Kolkata,Mechua,Banana,Other,Large,2023-04-06,1600,1700,1640,19
West Bengal,Kolkata,Mechua,Banana,Other,Small,2023-04-06,1200,1270,1240,19
West Bengal,Kolkata,Mechua,Banana,Other,Medium,2023-04-06,1400,1500,1440,19
West Bengal,Kolkata,Mechua,Banana,Other,Small,2023-04-07,1200,1260,1240,19
West Bengal,Kolkata,Mechua,Banana,Other,Medium,2023-04-07,1400,1450,1430,19
West Bengal,Kolkata,Mechua,Banana,Other,Large,2023-04-07,1600,1680,1640,19
West Bengal,Kolkata,Mechua,Banana,Other,Large,2023-04-08,1600,1700,1650,19
West Bengal,Kolkata,Mechua,Banana,Other,Small,2023-04-08,1200,1250,1240,19
West Bengal,Kolkata,Mechua,Banana,Other,Medium,2023-04-08,1400,1500,1440,19
West Bengal,Kolkata,Mechua,Banana,Other,Large,2023-04-09,1600,1680,1640,19
West Bengal,Kolkata,Mechua,Banana,Other,Medium,2023-04-09,1400,1470,1450,19
West Bengal,Kolkata,Mechua,Banana,Other,Small,2023-04-09,1200,1280,1240,19
West Bengal,Kolkata,Mechua,Banana,Other,Large,2023-04-10,1600,1670,1650,19
West Bengal,Kolkata,Mechua,Banana,Other,Medium,2023-04-10,1400,1480,1440,19
West Bengal,Kolkata,Mechua,Banana,Other,Small,2023-04-10,1200,1280,1260,19
West Bengal,Kolkata,Mechua,Banana,Other,Medium,2023-04-11,1400,1480,1450,19
West Bengal,Kolkata,Mechua,Banana,Other,Small,2023-04-11,1200,1280,1250,19
West Bengal,Kolkata,Mechua,Banana,Other,Large,2023-04-11,1600,1680,1640,19
West Bengal,Kolkata,Mechua,Banana,Other,Medium,2023-04-12,1400,1480,1440,19
West Bengal,Kolkata,Mechua,Banana,Other,Large,2023-04-12,1600,1680,1630,19
West Bengal,Kolkata,Mechua,Banana,Other,Small,2023-04-12,1200,1260,1250,19
West Bengal,Kolkata,Mechua,Banana,Other,Medium,2023-04-13,1400,1490,1450,19
West Bengal,Kolkata,Mechua,Banana,Other,Large,2023-04-13,1600,1670,1650,19
West Bengal,Kolkata,Mechua,Banana,Other,Small,2023-04-13,1200,1260,1240,19
West Bengal,Kolkata,Mechua,Banana,Other,Medium,2023-04-14,1400,1480,1450,19
West Bengal,Kolkata,Mechua,Banana,Other,Small,2023-04-14,1200,1260,1240,19
West Bengal,Kolkata,Mechua,Banana,Other,Large,2023-04-14,1600,1680,1660,19
West Bengal,Kolkata,Mechua,Banana,Other,Small,2023-04-15,1200,1280,1250,19
West Bengal,Kolkata,Mechua,Banana,Other,Medium,2023-04-15,1400,1480,1450,19
West Bengal,Kolkata,Mechua,Banana,Other,Large,2023-04-15,1600,1680,1640,19
West Bengal,Kolkata,Mechua,Banana,Other,Medium,2023-04-16,1400,1460,1440,19
West Bengal,Kolkata,Mechua,Banana,Other,Large,2023-04-16,1600,1660,1650,19
West Bengal,Kolkata,Mechua,Banana,Other,Small,2023-04-16,1200,1260,1240,19
West Bengal,Kolkata,Mechua,Banana,Other,Large,2023-04-17,1600,1670,1650,19
West Bengal,Kolkata,Mechua,Banana,Other,Small,2023-04-17,1200,1260,1240,19
West Bengal,Kolkata,Mechua,Banana,Other,Medium,2023-04-17,1400,1460,1450,19
West Bengal,Kolkata,Mechua,Banana,Other,Medium,2023-04-18,1400,1460,1440,19
West Bengal,Kolkata,Mechua,Banana,Other,Large,2023-04-18,1600,1660,1640,19
West Bengal,Kolkata,Mechua,Banana,Other,Small,2023-04-18,1200,1260,1240,19
West Bengal,Kolkata,Mechua,Banana,Other,Large,2023-04-19,1600,1660,1640,19
West Bengal,Kolkata,Mechua,Banana,Other,Medium,2023-04-19,1400,1460,1450,19
West Bengal,Kolkata,Mechua,Banana,Other,Small,2023-04-19,1200,1260,1240,19
West Bengal,Kolkata,Mechua,Banana,Other,Small,2023-04-20,1200,1260,1240,19
West Bengal,Kolkata,Mechua,Banana,Other,Medium,2023-04-20,1400,1450,1430,19
West Bengal,Kolkata,Mechua,Banana,Other,Large,2023-04-20,1600,1640,1620,19
West Bengal,Kolkata,Mechua,Banana,Other,Medium,2023-04-21,1400,1460,1430,19
West Bengal,Kolkata,Mechua,Banana,Other,Large,2023-04-21,1600,1640,1620,19
West Bengal,Kolkata,Mechua,Banana,Other,Small,2023-04-21,1200,1270,1240,19
West Bengal,Kolkata,Mechua,Banana,Other,Medium,2023-04-22,1400,1440,1420,19
West Bengal,Kolkata,Mechua,Banana,Other,Small,2023-04-22,1200,1260,1240,19
West Bengal,Kolkata,Mechua,Banana,Other,Large,2023-04-22,1580,1640,1620,19
West Bengal,Kolkata,Mechua,Banana,Other,Large,2023-04-23,1570,1660,1600,19
West Bengal,Kolkata,Mechua,Banana,Other,Medium,2023-04-23,1380,1440,1420,19
West Bengal,Kolkata,Mechua,Banana,Other,Small,2023-04-23,1170,1250,1220,19
West Bengal,Kolkata,Mechua,Banana,Other,Large,2023-04-24,1600,1650,1620,19
West Bengal,Kolkata,Mechua,Banana,Other,Small,2023-04-24,1200,1260,1240,19
West Bengal,Kolkata,Mechua,Banana,Other,Medium,2023-04-24,1400,1450,1430,19
West Bengal,Kolkata,Mechua,Banana,Other,Large,2023-04-25,1560,1640,1600,19
West Bengal,Kolkata,Mechua,Banana,Other,Medium,2023-04-26,1400,1450,1430,19
West Bengal,Kolkata,Mechua,Banana,Other,Small,2023-04-26,1200,1260,1240,19
West Bengal,Kolkata,Mechua,Banana,Other,Large,2023-04-26,1600,1640,1620,19
West Bengal,Kolkata,Mechua,Banana,Other,Small,2023-04-27,1200,1250,1240,19
West Bengal,Kolkata,Mechua,Banana,Other,Medium,2023-04-27,1400,1440,1420,19
West Bengal,Kolkata,Mechua,Banana,Other,Large,2023-04-27,1600,1650,1620,19
West Bengal,Kolkata,Mechua,Banana,Other,Large,2023-04-28,1600,1650,1620,19
West Bengal,Kolkata,Mechua,Banana,Other,Medium,2023-04-28,1400,1450,1420,19
West Bengal,Kolkata,Mechua,Banana,Other,Small,2023-04-28,1200,1240,1230,19
West Bengal,Kolkata,Mechua,Banana,Other,Medium,2023-04-29,1400,1450,1430,19
West Bengal,Kolkata,Mechua,Banana,Other,Large,2023-04-29,1600,1660,1640,19
West Bengal,Kolkata,Mechua,Banana,Other,Small,2023-04-29,1200,1260,1240,19
West Bengal,Kolkata,Mechua,Banana,Other,Small,2023-04-30,1200,1260,1240,19
West Bengal,Kolkata,Mechua,Banana,Other,Large,2023-04-30,1600,1640,1620,19
West Bengal,Kolkata,Mechua,Banana,Other,Medium,2023-04-30,1400,1450,1430,19
West Bengal,Kolkata,Mechua,Banana,Other,Small,2023-05-01,1200,1240,1220,19
West Bengal,Kolkata,Mechua,Banana,Other,Large,2023-05-01,1600,1660,1640,19
West Bengal,Kolkata,Mechua,Banana,Other,Medium,2023-05-01,1400,1470,1430,19
West Bengal,Kolkata,Mechua,Banana,Other,Medium,2023-05-02,1400,1460,1440,19
West Bengal,Kolkata,Mechua,Banana,Other,Large,2023-05-02,1600,1650,1620,19
West Bengal,Kolkata,Mechua,Banana,Other,Small,2023-05-02,1200,1260,1250,19
West Bengal,Kolkata,Mechua,Banana,Other,Small,2023-05-03,1200,1260,1230,19
West Bengal,Kolkata,Mechua,Banana,Other,Medium,2023-05-03,1400,1450,1420,19
West Bengal,Kolkata,Mechua,Banana,Other,Large,2023-05-03,1600,1640,1620,19
West Bengal,Kolkata,Mechua,Banana,Other,Large,2023-05-04,1600,1660,1640,19
West Bengal,Kolkata,Mechua,Banana,Other,Small,2023-05-04,1200,1240,1200,19
West Bengal,Kolkata,Mechua,Banana,Other,Medium,2023-05-04,1400,1460,1420,19
West Bengal,Kolkata,Mechua,Banana,Other,Small,2023-05-05,1200,1240,1200,19
West Bengal,Kolkata,Mechua,Banana,Other,Large,2023-05-05,1600,1640,1620,19
West Bengal,Kolkata,Mechua,Banana,Other,Medium,2023-05-05,1400,1450,1430,19
West Bengal,Kolkata,Mechua,Banana,Other,Small,2023-05-06,1200,1240,1220,19
West Bengal,Kolkata,Mechua,Banana,Other,Large,2023-05-06,1600,1640,1600,19
West Bengal,Kolkata,Mechua,Banana,Other,Medium,2023-05-06,1400,1440,1430,19
West Bengal,Kolkata,Mechua,Banana,Other,Medium,2023-05-07,1400,1440,1400,19
West Bengal,Kolkata,Mechua,Banana,Other,Large,2023-05-07,1600,1650,1600,19
West Bengal,Kolkata,Mechua,Banana,Other,Small,2023-05-07,1200,1240,1200,19
West Bengal,Kolkata,Mechua,Banana,Other,Medium,2023-05-08,1400,1430,1400,19
West Bengal,Kolkata,Mechua,Banana,Other,Large,2023-05-08,1600,1640,1600,19
West Bengal,Kolkata,Mechua,Banana,Other,Small,2023-05-08,1200,1250,1200,19
West Bengal,Kolkata,Mechua,Banana,Other,Small,2023-05-09,1200,1240,1200,19
West Bengal,Kolkata,Mechua,Banana,Other,Large,2023-05-09,1600,1640,1600,19
West Bengal,Kolkata,Mechua,Banana,Other,Medium,2023-05-09,1400,1420,1400,19
West Bengal,Kolkata,Mechua,Banana,Other,Small,2023-05-10,1200,1240,1200,19
West Bengal,Kolkata,Mechua,Banana,Other,Medium,2023-05-10,1400,1420,1400,19
West Bengal,Kolkata,Mechua,Banana,Other,Large,2023-05-10,1600,1640,1600,19
West Bengal,Kolkata,Mechua,Banana,Other,Medium,2023-05-11,1400,1430,1400,19
West Bengal,Kolkata,Mechua,Banana,Other,Small,2023-05-11,1200,1220,1200,19
West Bengal,Kolkata,Mechua,Banana,Other,Large,2023-05-11,1600,1640,1600,19
West Bengal,Kolkata,Mechua,Banana,Other,Medium,2023-05-12,1400,1440,1420,19
West Bengal,Kolkata,Mechua,Banana,Other,Small,2023-05-12,1200,1230,1200,19
West Bengal,Kolkata,Mechua,Banana,Other,Large,2023-05-12,1600,1620,1610,19
West Bengal,Kolkata,Mechua,Banana,Other,Small,2023-05-13,1200,1240,1200,19
West Bengal,Kolkata,Mechua,Banana,Other,Large,2023-05-13,1600,1640,1600,19
West Bengal,Kolkata,Mechua,Banana,Other,Medium,2023-05-13,1400,1430,1400,19
West Bengal,Kolkata,Mechua,Banana,Other,Medium,2023-05-14,1400,1420,1400,19
West Bengal,Kolkata,Mechua,Banana,Other,Small,2023-05-14,1200,1240,1200,19
West Bengal,Kolkata,Mechua,Banana,Other,Large,2023-05-14,1600,1630,1600,19
West Bengal,Kolkata,Mechua,Banana,Other,Medium,2023-05-15,1400,1410,1400,19
West Bengal,Kolkata,Mechua,Banana,Other,Small,2023-05-15,1200,1230,1200,19
West Bengal,Kolkata,Mechua,Banana,Other,Large,2023-05-15,1600,1620,1600,19
West Bengal,Kolkata,Mechua,Banana,Other,Small,2023-05-16,1200,1220,1200,19
West Bengal,Kolkata,Mechua,Banana,Other,Medium,2023-05-16,1400,1430,1400,19
West Bengal,Kolkata,Mechua,Banana,Other,Large,2023-05-16,1600,1620,1600,19
West Bengal,Kolkata,Mechua,Banana,Other,Small,2023-05-17,1200,1230,1200,19
West Bengal,Kolkata,Mechua,Banana,Other,Large,2023-05-17,1600,1640,1600,19
West Bengal,Kolkata,Mechua,Banana,Other,Medium,2023-05-17,1400,1420,1400,19
West Bengal,Kolkata,Mechua,Banana,Other,Small,2023-05-18,1200,1240,1200,19
West Bengal,Kolkata,Mechua,Banana,Other,Large,2023-05-18,1600,1630,1600,19
West Bengal,Kolkata,Mechua,Banana,Other,Medium,2023-05-18,1400,1420,1400,19
West Bengal,Kolkata,Mechua,Banana,Other,Small,2023-05-19,1200,1240,1200,19
West Bengal,Kolkata,Mechua,Banana,Other,Large,2023-05-19,1600,1620,1600,19
West Bengal,Kolkata,Mechua,Banana,Other,Medium,2023-05-19,1400,1430,1400,19
West Bengal,Kolkata,Mechua,Banana,Other,Large,2023-05-20,1600,1630,1610,19
West Bengal,Kolkata,Mechua,Banana,Other,Medium,2023-05-20,1400,1420,1420,19
West Bengal,Kolkata,Mechua,Banana,Other,Small,2023-05-20,1200,1220,1200,19
West Bengal,Kolkata,Mechua,Banana,Other,Small,2023-05-21,1200,1250,1240,19
West Bengal,Kolkata,Mechua,Banana,Other,Medium,2023-05-21,1400,1460,1420,19
West Bengal,Kolkata,Mechua,Banana,Other,Large,2023-05-21,1600,1630,1630,19
West Bengal,Kolkata,Mechua,Banana,Other,Medium,2023-05-22,1400,1450,1420,19
West Bengal,Kolkata,Mechua,Banana,Other,Small,2023-05-22,1200,1250,1240,19
West Bengal,Kolkata,Mechua,Banana,Other,Large,2023-05-22,1600,1640,1620,19
West Bengal,Kolkata,Mechua,Banana,Other,Small,2023-05-23,1200,1220,1210,19
West Bengal,Kolkata,Mechua,Banana,Other,Medium,2023-05-23,1400,1420,1420,19
West Bengal,Kolkata,Mechua,Banana,Other,Large,2023-05-23,1600,1640,1600,19
West Bengal,Kolkata,Mechua,Banana,Other,Medium,2023-05-24,1400,1430,1400,19
West Bengal,Kolkata,Mechua,Banana,Other,Small,2023-05-24,1200,1250,1230,19
West Bengal,Kolkata,Mechua,Banana,Other,Large,2023-05-24,1600,1650,1620,19
West Bengal,Kolkata,Mechua,Banana,Other,Medium,2023-05-25,1400,1440,1430,19
West Bengal,Kolkata,Mechua,Banana,Other,Small,2023-05-25,1200,1240,1220,19
West Bengal,Kolkata,Mechua,Banana,Other,Large,2023-05-25,1600,1640,1620,19
West Bengal,Kolkata,Mechua,Banana,Other,Small,2023-05-26,1200,1250,1220,19
West Bengal,Kolkata,Mechua,Banana,Other,Large,2023-05-26,1600,1630,1620,19
West Bengal,Kolkata,Mechua,Banana,Other,Medium,2023-05-26,1400,1440,1400,19
West Bengal,Kolkata,Mechua,Banana,Other,Medium,2023-05-27,1400,1450,1440,19
West Bengal,Kolkata,Mechua,Banana,Other,Large,2023-05-27,1600,1660,1640,19
West Bengal,Kolkata,Mechua,Banana,Other,Small,2023-05-27,1200,1260,1240,19
West Bengal,Kolkata,Mechua,Banana,Other,Medium,2023-05-28,1400,1440,1420,19
West Bengal,Kolkata,Mechua,Banana,Other,Large,2023-05-28,1600,1650,1630,19
West Bengal,Kolkata,Mechua,Banana,Other,Small,2023-05-28,1200,1240,1230,19
West Bengal,Kolkata,Mechua,Banana,Other,Medium,2023-05-29,1400,1430,1400,19
West Bengal,Kolkata,Mechua,Banana,Other,Large,2023-05-29,1600,1620,1620,19
West Bengal,Kolkata,Mechua,Banana,Other,Small,2023-05-29,1200,1220,1200,19
West Bengal,Kolkata,Mechua,Banana,Other,Medium,2023-05-30,1400,1450,1430,19
West Bengal,Kolkata,Mechua,Banana,Other,Small,2023-05-30,1200,1220,1220,19
West Bengal,Kolkata,Mechua,Banana,Other,Large,2023-05-30,1600,1640,1640,19
West Bengal,Kolkata,Mechua,Banana,Other,Medium,2023-05-31,1400,1430,1400,19
West Bengal,Kolkata,Mechua,Banana,Other,Large,2023-05-31,1600,1620,1620,19
West Bengal,Kolkata,Mechua,Banana,Other,Small,2023-05-31,1200,1230,1220,19
West Bengal,Kolkata,Mechua,Banana,Other,Large,2023-06-01,1600,1620,1600,19
West Bengal,Kolkata,Mechua,Banana,Other,Small,2023-06-01,1200,1250,1220,19
West Bengal,Kolkata,Mechua,Banana,Other,Medium,2023-06-01,1400,1440,1420,19
West Bengal,Kolkata,Mechua,Banana,Other,Medium,2023-06-02,1400,1420,1420,19
West Bengal,Kolkata,Mechua,Banana,Other,Small,2023-06-02,1200,1240,1200,19
West Bengal,Kolkata,Mechua,Banana,Other,Large,2023-06-02,1600,1620,1610,19
West Bengal,Kolkata,Mechua,Banana,Other,Small,2023-06-03,1200,1240,1200,19
West Bengal,Kolkata,Mechua,Banana,Other,Medium,2023-06-03,1400,1430,1420,19
West Bengal,Kolkata,Mechua,Banana,Other,Large,2023-06-03,1600,1620,1620,19
West Bengal,Kolkata,Mechua,Banana,Other,Small,2023-06-04,1180,1220,1200,19
West Bengal,Kolkata,Mechua,Banana,Other,Large,2023-06-04,1580,1600,1600,19
West Bengal,Kolkata,Mechua,Banana,Other,Medium,2023-06-04,1400,1420,1400,19
West Bengal,Kolkata,Mechua,Banana,Other,Medium,2023-06-05,1400,1440,1420,19
West Bengal,Kolkata,Mechua,Banana,Other,Large,2023-06-05,1600,1620,1600,19
West Bengal,Kolkata,Mechua,Banana,Other,Small,2023-06-05,1200,1230,1200,19
West Bengal,Kolkata,Mechua,Banana,Other,Large,2023-06-06,1580,1600,1600,19
West Bengal,Kolkata,Mechua,Banana,Other,Medium,2023-06-06,1400,1430,1420,19
West Bengal,Kolkata,Mechua,Banana,Other,Small,2023-06-06,1200,1220,1220,19
West Bengal,Kolkata,Mechua,Banana,Other,Medium,2023-06-07,1380,1420,1400,19
West Bengal,Kolkata,Mechua,Banana,Other,Large,2023-06-07,1580,1600,1600,19
West Bengal,Kolkata,Mechua,Banana,Other,Small,2023-06-07,1200,1240,1220,19
West Bengal,Kolkata,Mechua,Banana,Other,Medium,2023-06-08,1400,1430,1400,19
West Bengal,Kolkata,Mechua,Banana,Other,Small,2023-06-08,1200,1220,1200,19
West Bengal,Kolkata,Mechua,Banana,Other,Large,2023-06-08,1580,1620,1600,19
West Bengal,Kolkata,Mechua,Banana,Other,Small,2023-06-09,1200,1220,1200,19
West Bengal,Kolkata,Mechua,Banana,Other,Medium,2023-06-09,1390,1420,1400,19
West Bengal,Kolkata,Mechua,Banana,Other,Large,2023-06-09,1580,1620,1600,19
West Bengal,Kolkata,Mechua,Banana,Other,Medium,2023-06-10,1400,1420,1420,19
West Bengal,Kolkata,Mechua,Banana,Other,Small,2023-06-10,1200,1230,1220,19
West Bengal,Kolkata,Mechua,Banana,Other,Large,2023-06-10,1580,1620,1600,19
West Bengal,Kolkata,Mechua,Banana,Other,Large,2023-06-11,1580,1600,1600,19
West Bengal,Kolkata,Mechua,Banana,Other,Small,2023-06-11,1190,1200,1200,19
West Bengal,Kolkata,Mechua,Banana,Other,Medium,2023-06-11,1400,1420,1400,19
West Bengal,Kolkata,Mechua,Banana,Other,Large,2023-06-12,1580,1600,1600,19
West Bengal,Kolkata,Mechua,Banana,Other,Medium,2023-06-12,1400,1420,1400,19
West Bengal,Kolkata,Mechua,Banana,Other,Small,2023-06-12,1200,1230,1200,19
West Bengal,Kolkata,Mechua,Banana,Other,Large,2023-06-13,1580,1620,1600,19
West Bengal,Kolkata,Mechua,Banana,Other,Medium,2023-06-13,1400,1430,1400,19
West Bengal,Kolkata,Mechua,Banana,Other,Small,2023-06-13,1200,1220,1220,19
West Bengal,Kolkata,Mechua,Banana,Other,Large,2023-06-14,1600,1700,1640,19
West Bengal,Kolkata,Mechua,Banana,Other,Medium,2023-06-14,1400,1430,1400,19
West Bengal,Kolkata,Mechua,Banana,Other,Small,2023-06-14,1200,1240,1220,19
West Bengal,Kolkata,Mechua,Banana,Other,Small,2023-06-15,1200,1250,1220,19
West Bengal,Kolkata,Mechua,Banana,Other,Large,2023-06-15,1600,1700,1650,19
West Bengal,Kolkata,Mechua,Banana,Other,Medium,2023-06-15,1400,1450,1400,19
West Bengal,Kolkata,Mechua,Banana,Other,Small,2023-06-16,1200,1260,1230,19
West Bengal,Kolkata,Mechua,Banana,Other,Large,2023-06-16,1600,1700,1650,19
West Bengal,Kolkata,Mechua,Banana,Other,Medium,2023-06-16,1400,1450,1420,19
West Bengal,Kolkata,Mechua,Banana,Other,Medium,2023-06-17,1400,1460,1430,19
West Bengal,Kolkata,Mechua,Banana,Other,Large,2023-06-17,1600,1700,1650,19
West Bengal,Kolkata,Mechua,Banana,Other,Small,2023-06-17,1200,1250,1240,19
West Bengal,Kolkata,Mechua,Banana,Other,Large,2023-06-18,1600,1700,1650,19
West Bengal,Kolkata,Mechua,Banana,Other,Medium,2023-06-18,1400,1450,1420,19
West Bengal,Kolkata,Mechua,Banana,Other,Small,2023-06-18,1200,1260,1240,19
West Bengal,Kolkata,Mechua,Banana,Other,Large,2023-06-19,1600,1700,1640,19
West Bengal,Kolkata,Mechua,Banana,Other,Small,2023-06-19,1220,1260,1240,19
West Bengal,Kolkata,Mechua,Banana,Other,Medium,2023-06-19,1400,1450,1420,19
West Bengal,Kolkata,Mechua,Banana,Other,Medium,2023-06-20,1400,1450,1420,19
West Bengal,Kolkata,Mechua,Banana,Other,Large,2023-06-20,1600,1700,1640,19
West Bengal,Kolkata,Mechua,Banana,Other,Small,2023-06-20,1200,1250,1240,19
West Bengal,Kolkata,Mechua,Banana,Other,Small,2023-06-21,1200,1250,1230,19
West Bengal,Kolkata,Mechua,Banana,Other,Large,2023-06-21,1600,1680,1640,19
West Bengal,Kolkata,Mechua,Banana,Other,Medium,2023-06-21,1400,1440,1420,19
West Bengal,Kolkata,Mechua,Banana,Other,Medium,2023-06-22,1400,1450,1420,19
West Bengal,Kolkata,Mechua,Banana,Other,Large,2023-06-22,1600,1680,1640,19
West Bengal,Kolkata,Mechua,Banana,Other,Small,2023-06-22,1200,1250,1240,19
West Bengal,Kolkata,Mechua,Banana,Other,Medium,2023-06-23,1400,1450,1420,19
West Bengal,Kolkata,Mechua,Banana,Other,Small,2023-06-23,1200,1260,1240,19
West Bengal,Kolkata,Mechua,Banana,Other,Large,2023-06-23,1600,1680,1650,19
West Bengal,Kolkata,Mechua,Banana,Other,Medium,2023-06-24,1400,1450,1430,19
West Bengal,Kolkata,Mechua,Banana,Other,Large,2023-06-24,1600,1680,1640,19
West Bengal,Kolkata,Mechua,Banana,Other,Small,2023-06-24,1200,1240,1220,19
West Bengal,Kolkata,Mechua,Banana,Other,Small,2023-06-25,1200,1260,1240,19
West Bengal,Kolkata,Mechua,Banana,Other,Large,2023-06-25,1600,1680,1640,19
West Bengal,Kolkata,Mechua,Banana,Other,Medium,2023-06-25,1400,1460,1440,19
West Bengal,Kolkata,Mechua,Banana,Other,Medium,2023-06-26,1400,1460,1450,19
West Bengal,Kolkata,Mechua,Banana,Other,Large,2023-06-26,1600,1700,1640,19
West Bengal,Kolkata,Mechua,Banana,Other,Small,2023-06-26,1200,1260,1240,19
West Bengal,Kolkata,Mechua,Banana,Other,Small,2023-06-27,1200,1260,1250,19
West Bengal,Kolkata,Mechua,Banana,Other,Medium,2023-06-27,1400,1470,1450,19
West Bengal,Kolkata,Mechua,Banana,Other,Large,2023-06-27,1600,1680,1650,19
West Bengal,Kolkata,Mechua,Banana,Other,Large,2023-06-28,1600,1680,1640,19
West Bengal,Kolkata,Mechua,Banana,Other,Small,2023-06-28,1200,1260,1240,19
West Bengal,Kolkata,Mechua,Banana,Other,Medium,2023-06-28,1400,1480,1440,19
West Bengal,Kolkata,Mechua,Banana,Other,Large,2023-06-29,1600,1680,1640,19
West Bengal,Kolkata,Mechua,Banana,Other,Medium,2023-06-29,1400,1450,1430,19
West Bengal,Kolkata,Mechua,Banana,Other,Small,2023-06-29,1240,1250,1240,19
West Bengal,Kolkata,Mechua,Banana,Other,Large,2023-06-30,1620,1660,1640,19
West Bengal,Kolkata,Mechua,Banana,Other,Medium,2023-06-30,1400,1450,1430,19
West Bengal,Kolkata,Mechua,Banana,Other,Small,2023-06-30,1200,1260,1220,19
West Bengal,Kolkata,Mechua,Banana,Other,Small,2023-07-01,1200,1280,1240,19
West Bengal,Kolkata,Mechua,Banana,Other,Large,2023-07-01,1600,1670,1640,19
West Bengal,Kolkata,Mechua,Banana,Other,Medium,2023-07-01,1400,1460,1400,19
West Bengal,Kolkata,Mechua,Banana,Other,Medium,2023-07-02,1400,1450,1430,19
West Bengal,Kolkata,Mechua,Banana,Other,Large,2023-07-02,1600,1670,1640,19
West Bengal,Kolkata,Mechua,Banana,Other,Small,2023-07-02,1200,1260,1240,19
West Bengal,Kolkata,Mechua,Banana,Other,Medium,2023-07-03,1400,1460,1440,19
West Bengal,Kolkata,Mechua,Banana,Other,Small,2023-07-03,1200,1260,1240,19
West Bengal,Kolkata,Mechua,Banana,Other,Large,2023-07-03,1600,1680,1640,19
West Bengal,Kolkata,Mechua,Banana,Other,Medium,2023-07-04,1400,1460,1440,19
West Bengal,Kolkata,Mechua,Banana,Other,Small,2023-07-04,1200,1260,1240,19
West Bengal,Kolkata,Mechua,Banana,Other,Large,2023-07-04,1600,1680,1640,19
West Bengal,Kolkata,Mechua,Banana,Other,Large,2023-07-05,1600,1670,1640,19
West Bengal,Kolkata,Mechua,Banana,Other,Medium,2023-07-05,1400,1450,1430,19
West Bengal,Kolkata,Mechua,Banana,Other,Small,2023-07-05,1200,1260,1250,19
West Bengal,Kolkata,Mechua,Banana,Other,Small,2023-07-06,1200,1260,1240,19
West Bengal,Kolkata,Mechua,Banana,Other,Medium,2023-07-06,1400,1460,1440,19
West Bengal,Kolkata,Mechua,Banana,Other,Large,2023-07-06,1600,1680,1640,19
West Bengal,Kolkata,Mechua,Banana,Other,Small,2024-06-07,1600,2000,1800,19
West Bengal,Kolkata,Mechua,Banana,Other,Large,2024-06-07,2600,2800,2800,19
West Bengal,Kolkata,Mechua,Banana,Other,Medium,2024-06-07,2000,2400,2200,19
